-- phpMyAdmin SQL Dump
-- version 4.1.14
-- http://www.phpmyadmin.net
--
-- Host: 127.0.0.1
-- Generation Time: Sep 16, 2015 at 09:04 AM
-- Server version: 5.6.17
-- PHP Version: 5.5.12

SET SQL_MODE = "NO_AUTO_VALUE_ON_ZERO";
SET time_zone = "+00:00";


/*!40101 SET @OLD_CHARACTER_SET_CLIENT=@@CHARACTER_SET_CLIENT */;
/*!40101 SET @OLD_CHARACTER_SET_RESULTS=@@CHARACTER_SET_RESULTS */;
/*!40101 SET @OLD_COLLATION_CONNECTION=@@COLLATION_CONNECTION */;
/*!40101 SET NAMES utf8 */;

--
-- Database: `mddss`
--

-- --------------------------------------------------------

--
-- Table structure for table `asthma`
--

CREATE TABLE IF NOT EXISTS `asthma` (
  `ID` int(11) NOT NULL AUTO_INCREMENT,
  `INFLABRO` int(11) NOT NULL,
  `COUGHNIGHT` int(11) NOT NULL,
  `WHEEZ` int(11) NOT NULL,
  `SHORTBREATH` int(11) NOT NULL,
  `CHESTPAIN` int(11) NOT NULL,
  `LOOSEBREATH` int(11) NOT NULL,
  `COUGH` int(11) NOT NULL,
  `GROUCHY` int(11) NOT NULL,
  `LUNGCHANGE` int(11) NOT NULL,
  `COLDALLER` int(11) NOT NULL,
  `prob_asthma` float NOT NULL,
  PRIMARY KEY (`ID`)
) ENGINE=InnoDB  DEFAULT CHARSET=latin1 AUTO_INCREMENT=1025 ;

--
-- Dumping data for table `asthma`
--

INSERT INTO `asthma` (`ID`, `INFLABRO`, `COUGHNIGHT`, `WHEEZ`, `SHORTBREATH`, `CHESTPAIN`, `LOOSEBREATH`, `COUGH`, `GROUCHY`, `LUNGCHANGE`, `COLDALLER`, `prob_asthma`) VALUES
(1, 1, 1, 1, 1, 1, 1, 1, 1, 1, 1, 1),
(2, 1, 1, 1, 1, 1, 1, 1, 1, 1, 0, 0.9),
(3, 1, 1, 1, 1, 1, 1, 1, 1, 0, 1, 0.9),
(4, 1, 1, 1, 1, 1, 1, 1, 1, 0, 0, 0.8),
(5, 1, 1, 1, 1, 1, 1, 1, 0, 1, 1, 0.9),
(6, 1, 1, 1, 1, 1, 1, 1, 0, 1, 0, 0.8),
(7, 1, 1, 1, 1, 1, 1, 1, 0, 0, 1, 0.8),
(8, 1, 1, 1, 1, 1, 1, 1, 0, 0, 0, 0.7),
(9, 1, 1, 1, 1, 1, 1, 0, 1, 1, 1, 0.9),
(10, 1, 1, 1, 1, 1, 1, 0, 1, 1, 0, 0.8),
(11, 1, 1, 1, 1, 1, 1, 0, 1, 0, 1, 0.8),
(12, 1, 1, 1, 1, 1, 1, 0, 1, 0, 0, 0.7),
(13, 1, 1, 1, 1, 1, 1, 0, 0, 1, 1, 0.8),
(14, 1, 1, 1, 1, 1, 1, 0, 0, 1, 0, 0.7),
(15, 1, 1, 1, 1, 1, 1, 0, 0, 0, 1, 0.7),
(16, 1, 1, 1, 1, 1, 1, 0, 0, 0, 0, 0.6),
(17, 1, 1, 1, 1, 1, 0, 1, 1, 1, 1, 0.9),
(18, 1, 1, 1, 1, 1, 0, 1, 1, 1, 0, 0.8),
(19, 1, 1, 1, 1, 1, 0, 1, 1, 0, 1, 0.8),
(20, 1, 1, 1, 1, 1, 0, 1, 1, 0, 0, 0.7),
(21, 1, 1, 1, 1, 1, 0, 1, 0, 1, 1, 0.8),
(22, 1, 1, 1, 1, 1, 0, 1, 0, 1, 0, 0.7),
(23, 1, 1, 1, 1, 1, 0, 1, 0, 0, 1, 0.7),
(24, 1, 1, 1, 1, 1, 0, 1, 0, 0, 0, 0.6),
(25, 1, 1, 1, 1, 1, 0, 0, 1, 1, 1, 0.8),
(26, 1, 1, 1, 1, 1, 0, 0, 1, 1, 0, 0.7),
(27, 1, 1, 1, 1, 1, 0, 0, 1, 0, 1, 0.7),
(28, 1, 1, 1, 1, 1, 0, 0, 1, 0, 0, 0.6),
(29, 1, 1, 1, 1, 1, 0, 0, 0, 1, 1, 0.7),
(30, 1, 1, 1, 1, 1, 0, 0, 0, 1, 0, 0.6),
(31, 1, 1, 1, 1, 1, 0, 0, 0, 0, 1, 0.6),
(32, 1, 1, 1, 1, 1, 0, 0, 0, 0, 0, 0.5),
(33, 1, 1, 1, 1, 0, 1, 1, 1, 1, 1, 0.9),
(34, 1, 1, 1, 1, 0, 1, 1, 1, 1, 0, 0.8),
(35, 1, 1, 1, 1, 0, 1, 1, 1, 0, 1, 0.8),
(36, 1, 1, 1, 1, 0, 1, 1, 1, 0, 0, 0.7),
(37, 1, 1, 1, 1, 0, 1, 1, 0, 1, 1, 0.8),
(38, 1, 1, 1, 1, 0, 1, 1, 0, 1, 0, 0.7),
(39, 1, 1, 1, 1, 0, 1, 1, 0, 0, 1, 0.7),
(40, 1, 1, 1, 1, 0, 1, 1, 0, 0, 0, 0.6),
(41, 1, 1, 1, 1, 0, 1, 0, 1, 1, 1, 0.8),
(42, 1, 1, 1, 1, 0, 1, 0, 1, 1, 0, 0.7),
(43, 1, 1, 1, 1, 0, 1, 0, 1, 0, 1, 0.7),
(44, 1, 1, 1, 1, 0, 1, 0, 1, 0, 0, 0.6),
(45, 1, 1, 1, 1, 0, 1, 0, 0, 1, 1, 0.7),
(46, 1, 1, 1, 1, 0, 1, 0, 0, 1, 0, 0.6),
(47, 1, 1, 1, 1, 0, 1, 0, 0, 0, 1, 0.6),
(48, 1, 1, 1, 1, 0, 1, 0, 0, 0, 0, 0.5),
(49, 1, 1, 1, 1, 0, 0, 1, 1, 1, 1, 0.8),
(50, 1, 1, 1, 1, 0, 0, 1, 1, 1, 0, 0.7),
(51, 1, 1, 1, 1, 0, 0, 1, 1, 0, 1, 0.7),
(52, 1, 1, 1, 1, 0, 0, 1, 1, 0, 0, 0.6),
(53, 1, 1, 1, 1, 0, 0, 1, 0, 1, 1, 0.7),
(54, 1, 1, 1, 1, 0, 0, 1, 0, 1, 0, 0.6),
(55, 1, 1, 1, 1, 0, 0, 1, 0, 0, 1, 0.6),
(56, 1, 1, 1, 1, 0, 0, 1, 0, 0, 0, 0.5),
(57, 1, 1, 1, 1, 0, 0, 0, 1, 1, 1, 0.7),
(58, 1, 1, 1, 1, 0, 0, 0, 1, 1, 0, 0.6),
(59, 1, 1, 1, 1, 0, 0, 0, 1, 0, 1, 0.6),
(60, 1, 1, 1, 1, 0, 0, 0, 1, 0, 0, 0.5),
(61, 1, 1, 1, 1, 0, 0, 0, 0, 1, 1, 0.6),
(62, 1, 1, 1, 1, 0, 0, 0, 0, 1, 0, 0.5),
(63, 1, 1, 1, 1, 0, 0, 0, 0, 0, 1, 0.5),
(64, 1, 1, 1, 1, 0, 0, 0, 0, 0, 0, 0.4),
(65, 1, 1, 1, 0, 1, 1, 1, 1, 1, 1, 0.9),
(66, 1, 1, 1, 0, 1, 1, 1, 1, 1, 0, 0.8),
(67, 1, 1, 1, 0, 1, 1, 1, 1, 0, 1, 0.8),
(68, 1, 1, 1, 0, 1, 1, 1, 1, 0, 0, 0.7),
(69, 1, 1, 1, 0, 1, 1, 1, 0, 1, 1, 0.8),
(70, 1, 1, 1, 0, 1, 1, 1, 0, 1, 0, 0.7),
(71, 1, 1, 1, 0, 1, 1, 1, 0, 0, 1, 0.7),
(72, 1, 1, 1, 0, 1, 1, 1, 0, 0, 0, 0.6),
(73, 1, 1, 1, 0, 1, 1, 0, 1, 1, 1, 0.8),
(74, 1, 1, 1, 0, 1, 1, 0, 1, 1, 0, 0.7),
(75, 1, 1, 1, 0, 1, 1, 0, 1, 0, 1, 0.7),
(76, 1, 1, 1, 0, 1, 1, 0, 1, 0, 0, 0.6),
(77, 1, 1, 1, 0, 1, 1, 0, 0, 1, 1, 0.7),
(78, 1, 1, 1, 0, 1, 1, 0, 0, 1, 0, 0.6),
(79, 1, 1, 1, 0, 1, 1, 0, 0, 0, 1, 0.6),
(80, 1, 1, 1, 0, 1, 1, 0, 0, 0, 0, 0.5),
(81, 1, 1, 1, 0, 1, 0, 1, 1, 1, 1, 0.8),
(82, 1, 1, 1, 0, 1, 0, 1, 1, 1, 0, 0.7),
(83, 1, 1, 1, 0, 1, 0, 1, 1, 0, 1, 0.7),
(84, 1, 1, 1, 0, 1, 0, 1, 1, 0, 0, 0.6),
(85, 1, 1, 1, 0, 1, 0, 1, 0, 1, 1, 0.7),
(86, 1, 1, 1, 0, 1, 0, 1, 0, 1, 0, 0.6),
(87, 1, 1, 1, 0, 1, 0, 1, 0, 0, 1, 0.6),
(88, 1, 1, 1, 0, 1, 0, 1, 0, 0, 0, 0.5),
(89, 1, 1, 1, 0, 1, 0, 0, 1, 1, 1, 0.7),
(90, 1, 1, 1, 0, 1, 0, 0, 1, 1, 0, 0.6),
(91, 1, 1, 1, 0, 1, 0, 0, 1, 0, 1, 0.6),
(92, 1, 1, 1, 0, 1, 0, 0, 1, 0, 0, 0.5),
(93, 1, 1, 1, 0, 1, 0, 0, 0, 1, 1, 0.6),
(94, 1, 1, 1, 0, 1, 0, 0, 0, 1, 0, 0.5),
(95, 1, 1, 1, 0, 1, 0, 0, 0, 0, 1, 0.5),
(96, 1, 1, 1, 0, 1, 0, 0, 0, 0, 0, 0.4),
(97, 1, 1, 1, 0, 0, 1, 1, 1, 1, 1, 0.8),
(98, 1, 1, 1, 0, 0, 1, 1, 1, 1, 0, 0.7),
(99, 1, 1, 1, 0, 0, 1, 1, 1, 0, 1, 0.7),
(100, 1, 1, 1, 0, 0, 1, 1, 1, 0, 0, 0.6),
(101, 1, 1, 1, 0, 0, 1, 1, 0, 1, 1, 0.7),
(102, 1, 1, 1, 0, 0, 1, 1, 0, 1, 0, 0.6),
(103, 1, 1, 1, 0, 0, 1, 1, 0, 0, 1, 0.6),
(104, 1, 1, 1, 0, 0, 1, 1, 0, 0, 0, 0.5),
(105, 1, 1, 1, 0, 0, 1, 0, 1, 1, 1, 0.7),
(106, 1, 1, 1, 0, 0, 1, 0, 1, 1, 0, 0.6),
(107, 1, 1, 1, 0, 0, 1, 0, 1, 0, 1, 0.6),
(108, 1, 1, 1, 0, 0, 1, 0, 1, 0, 0, 0.5),
(109, 1, 1, 1, 0, 0, 1, 0, 0, 1, 1, 0.6),
(110, 1, 1, 1, 0, 0, 1, 0, 0, 1, 0, 0.5),
(111, 1, 1, 1, 0, 0, 1, 0, 0, 0, 1, 0.5),
(112, 1, 1, 1, 0, 0, 1, 0, 0, 0, 0, 0.4),
(113, 1, 1, 1, 0, 0, 0, 1, 1, 1, 1, 0.7),
(114, 1, 1, 1, 0, 0, 0, 1, 1, 1, 0, 0.6),
(115, 1, 1, 1, 0, 0, 0, 1, 1, 0, 1, 0.6),
(116, 1, 1, 1, 0, 0, 0, 1, 1, 0, 0, 0.5),
(117, 1, 1, 1, 0, 0, 0, 1, 0, 1, 1, 0.6),
(118, 1, 1, 1, 0, 0, 0, 1, 0, 1, 0, 0.5),
(119, 1, 1, 1, 0, 0, 0, 1, 0, 0, 1, 0.5),
(120, 1, 1, 1, 0, 0, 0, 1, 0, 0, 0, 0.4),
(121, 1, 1, 1, 0, 0, 0, 0, 1, 1, 1, 0.6),
(122, 1, 1, 1, 0, 0, 0, 0, 1, 1, 0, 0.5),
(123, 1, 1, 1, 0, 0, 0, 0, 1, 0, 1, 0.5),
(124, 1, 1, 1, 0, 0, 0, 0, 1, 0, 0, 0.4),
(125, 1, 1, 1, 0, 0, 0, 0, 0, 1, 1, 0.5),
(126, 1, 1, 1, 0, 0, 0, 0, 0, 1, 0, 0.4),
(127, 1, 1, 1, 0, 0, 0, 0, 0, 0, 1, 0.4),
(128, 1, 1, 1, 0, 0, 0, 0, 0, 0, 0, 0.3),
(129, 1, 1, 0, 1, 1, 1, 1, 1, 1, 1, 0.9),
(130, 1, 1, 0, 1, 1, 1, 1, 1, 1, 0, 0.8),
(131, 1, 1, 0, 1, 1, 1, 1, 1, 0, 1, 0.8),
(132, 1, 1, 0, 1, 1, 1, 1, 1, 0, 0, 0.7),
(133, 1, 1, 0, 1, 1, 1, 1, 0, 1, 1, 0.8),
(134, 1, 1, 0, 1, 1, 1, 1, 0, 1, 0, 0.7),
(135, 1, 1, 0, 1, 1, 1, 1, 0, 0, 1, 0.7),
(136, 1, 1, 0, 1, 1, 1, 1, 0, 0, 0, 0.6),
(137, 1, 1, 0, 1, 1, 1, 0, 1, 1, 1, 0.8),
(138, 1, 1, 0, 1, 1, 1, 0, 1, 1, 0, 0.7),
(139, 1, 1, 0, 1, 1, 1, 0, 1, 0, 1, 0.7),
(140, 1, 1, 0, 1, 1, 1, 0, 1, 0, 0, 0.6),
(141, 1, 1, 0, 1, 1, 1, 0, 0, 1, 1, 0.7),
(142, 1, 1, 0, 1, 1, 1, 0, 0, 1, 0, 0.6),
(143, 1, 1, 0, 1, 1, 1, 0, 0, 0, 1, 0.6),
(144, 1, 1, 0, 1, 1, 1, 0, 0, 0, 0, 0.5),
(145, 1, 1, 0, 1, 1, 0, 1, 1, 1, 1, 0.8),
(146, 1, 1, 0, 1, 1, 0, 1, 1, 1, 0, 0.7),
(147, 1, 1, 0, 1, 1, 0, 1, 1, 0, 1, 0.7),
(148, 1, 1, 0, 1, 1, 0, 1, 1, 0, 0, 0.6),
(149, 1, 1, 0, 1, 1, 0, 1, 0, 1, 1, 0.7),
(150, 1, 1, 0, 1, 1, 0, 1, 0, 1, 0, 0.6),
(151, 1, 1, 0, 1, 1, 0, 1, 0, 0, 1, 0.6),
(152, 1, 1, 0, 1, 1, 0, 1, 0, 0, 0, 0.5),
(153, 1, 1, 0, 1, 1, 0, 0, 1, 1, 1, 0.7),
(154, 1, 1, 0, 1, 1, 0, 0, 1, 1, 0, 0.6),
(155, 1, 1, 0, 1, 1, 0, 0, 1, 0, 1, 0.6),
(156, 1, 1, 0, 1, 1, 0, 0, 1, 0, 0, 0.5),
(157, 1, 1, 0, 1, 1, 0, 0, 0, 1, 1, 0.6),
(158, 1, 1, 0, 1, 1, 0, 0, 0, 1, 0, 0.5),
(159, 1, 1, 0, 1, 1, 0, 0, 0, 0, 1, 0.5),
(160, 1, 1, 0, 1, 1, 0, 0, 0, 0, 0, 0.4),
(161, 1, 1, 0, 1, 0, 1, 1, 1, 1, 1, 0.8),
(162, 1, 1, 0, 1, 0, 1, 1, 1, 1, 0, 0.7),
(163, 1, 1, 0, 1, 0, 1, 1, 1, 0, 1, 0.7),
(164, 1, 1, 0, 1, 0, 1, 1, 1, 0, 0, 0.6),
(165, 1, 1, 0, 1, 0, 1, 1, 0, 1, 1, 0.7),
(166, 1, 1, 0, 1, 0, 1, 1, 0, 1, 0, 0.6),
(167, 1, 1, 0, 1, 0, 1, 1, 0, 0, 1, 0.6),
(168, 1, 1, 0, 1, 0, 1, 1, 0, 0, 0, 0.5),
(169, 1, 1, 0, 1, 0, 1, 0, 1, 1, 1, 0.7),
(170, 1, 1, 0, 1, 0, 1, 0, 1, 1, 0, 0.6),
(171, 1, 1, 0, 1, 0, 1, 0, 1, 0, 1, 0.6),
(172, 1, 1, 0, 1, 0, 1, 0, 1, 0, 0, 0.5),
(173, 1, 1, 0, 1, 0, 1, 0, 0, 1, 1, 0.6),
(174, 1, 1, 0, 1, 0, 1, 0, 0, 1, 0, 0.5),
(175, 1, 1, 0, 1, 0, 1, 0, 0, 0, 1, 0.5),
(176, 1, 1, 0, 1, 0, 1, 0, 0, 0, 0, 0.4),
(177, 1, 1, 0, 1, 0, 0, 1, 1, 1, 1, 0.7),
(178, 1, 1, 0, 1, 0, 0, 1, 1, 1, 0, 0.6),
(179, 1, 1, 0, 1, 0, 0, 1, 1, 0, 1, 0.6),
(180, 1, 1, 0, 1, 0, 0, 1, 1, 0, 0, 0.5),
(181, 1, 1, 0, 1, 0, 0, 1, 0, 1, 1, 0.6),
(182, 1, 1, 0, 1, 0, 0, 1, 0, 1, 0, 0.5),
(183, 1, 1, 0, 1, 0, 0, 1, 0, 0, 1, 0.5),
(184, 1, 1, 0, 1, 0, 0, 1, 0, 0, 0, 0.4),
(185, 1, 1, 0, 1, 0, 0, 0, 1, 1, 1, 0.6),
(186, 1, 1, 0, 1, 0, 0, 0, 1, 1, 0, 0.5),
(187, 1, 1, 0, 1, 0, 0, 0, 1, 0, 1, 0.5),
(188, 1, 1, 0, 1, 0, 0, 0, 1, 0, 0, 0.4),
(189, 1, 1, 0, 1, 0, 0, 0, 0, 1, 1, 0.5),
(190, 1, 1, 0, 1, 0, 0, 0, 0, 1, 0, 0.4),
(191, 1, 1, 0, 1, 0, 0, 0, 0, 0, 1, 0.4),
(192, 1, 1, 0, 1, 0, 0, 0, 0, 0, 0, 0.3),
(193, 1, 1, 0, 0, 1, 1, 1, 1, 1, 1, 0.8),
(194, 1, 1, 0, 0, 1, 1, 1, 1, 1, 0, 0.7),
(195, 1, 1, 0, 0, 1, 1, 1, 1, 0, 1, 0.7),
(196, 1, 1, 0, 0, 1, 1, 1, 1, 0, 0, 0.6),
(197, 1, 1, 0, 0, 1, 1, 1, 0, 1, 1, 0.7),
(198, 1, 1, 0, 0, 1, 1, 1, 0, 1, 0, 0.6),
(199, 1, 1, 0, 0, 1, 1, 1, 0, 0, 1, 0.6),
(200, 1, 1, 0, 0, 1, 1, 1, 0, 0, 0, 0.5),
(201, 1, 1, 0, 0, 1, 1, 0, 1, 1, 1, 0.7),
(202, 1, 1, 0, 0, 1, 1, 0, 1, 1, 0, 0.6),
(203, 1, 1, 0, 0, 1, 1, 0, 1, 0, 1, 0.6),
(204, 1, 1, 0, 0, 1, 1, 0, 1, 0, 0, 0.5),
(205, 1, 1, 0, 0, 1, 1, 0, 0, 1, 1, 0.6),
(206, 1, 1, 0, 0, 1, 1, 0, 0, 1, 0, 0.5),
(207, 1, 1, 0, 0, 1, 1, 0, 0, 0, 1, 0.5),
(208, 1, 1, 0, 0, 1, 1, 0, 0, 0, 0, 0.4),
(209, 1, 1, 0, 0, 1, 0, 1, 1, 1, 1, 0.7),
(210, 1, 1, 0, 0, 1, 0, 1, 1, 1, 0, 0.6),
(211, 1, 1, 0, 0, 1, 0, 1, 1, 0, 1, 0.6),
(212, 1, 1, 0, 0, 1, 0, 1, 1, 0, 0, 0.5),
(213, 1, 1, 0, 0, 1, 0, 1, 0, 1, 1, 0.6),
(214, 1, 1, 0, 0, 1, 0, 1, 0, 1, 0, 0.5),
(215, 1, 1, 0, 0, 1, 0, 1, 0, 0, 1, 0.5),
(216, 1, 1, 0, 0, 1, 0, 1, 0, 0, 0, 0.4),
(217, 1, 1, 0, 0, 1, 0, 0, 1, 1, 1, 0.6),
(218, 1, 1, 0, 0, 1, 0, 0, 1, 1, 0, 0.5),
(219, 1, 1, 0, 0, 1, 0, 0, 1, 0, 1, 0.5),
(220, 1, 1, 0, 0, 1, 0, 0, 1, 0, 0, 0.4),
(221, 1, 1, 0, 0, 1, 0, 0, 0, 1, 1, 0.5),
(222, 1, 1, 0, 0, 1, 0, 0, 0, 1, 0, 0.4),
(223, 1, 1, 0, 0, 1, 0, 0, 0, 0, 1, 0.4),
(224, 1, 1, 0, 0, 1, 0, 0, 0, 0, 0, 0.3),
(225, 1, 1, 0, 0, 0, 1, 1, 1, 1, 1, 0.7),
(226, 1, 1, 0, 0, 0, 1, 1, 1, 1, 0, 0.6),
(227, 1, 1, 0, 0, 0, 1, 1, 1, 0, 1, 0.6),
(228, 1, 1, 0, 0, 0, 1, 1, 1, 0, 0, 0.5),
(229, 1, 1, 0, 0, 0, 1, 1, 0, 1, 1, 0.6),
(230, 1, 1, 0, 0, 0, 1, 1, 0, 1, 0, 0.5),
(231, 1, 1, 0, 0, 0, 1, 1, 0, 0, 1, 0.5),
(232, 1, 1, 0, 0, 0, 1, 1, 0, 0, 0, 0.4),
(233, 1, 1, 0, 0, 0, 1, 0, 1, 1, 1, 0.6),
(234, 1, 1, 0, 0, 0, 1, 0, 1, 1, 0, 0.5),
(235, 1, 1, 0, 0, 0, 1, 0, 1, 0, 1, 0.5),
(236, 1, 1, 0, 0, 0, 1, 0, 1, 0, 0, 0.4),
(237, 1, 1, 0, 0, 0, 1, 0, 0, 1, 1, 0.5),
(238, 1, 1, 0, 0, 0, 1, 0, 0, 1, 0, 0.4),
(239, 1, 1, 0, 0, 0, 1, 0, 0, 0, 1, 0.4),
(240, 1, 1, 0, 0, 0, 1, 0, 0, 0, 0, 0.3),
(241, 1, 1, 0, 0, 0, 0, 1, 1, 1, 1, 0.6),
(242, 1, 1, 0, 0, 0, 0, 1, 1, 1, 0, 0.5),
(243, 1, 1, 0, 0, 0, 0, 1, 1, 0, 1, 0.5),
(244, 1, 1, 0, 0, 0, 0, 1, 1, 0, 0, 0.4),
(245, 1, 1, 0, 0, 0, 0, 1, 0, 1, 1, 0.5),
(246, 1, 1, 0, 0, 0, 0, 1, 0, 1, 0, 0.4),
(247, 1, 1, 0, 0, 0, 0, 1, 0, 0, 1, 0.4),
(248, 1, 1, 0, 0, 0, 0, 1, 0, 0, 0, 0.3),
(249, 1, 1, 0, 0, 0, 0, 0, 1, 1, 1, 0.5),
(250, 1, 1, 0, 0, 0, 0, 0, 1, 1, 0, 0.4),
(251, 1, 1, 0, 0, 0, 0, 0, 1, 0, 1, 0.4),
(252, 1, 1, 0, 0, 0, 0, 0, 1, 0, 0, 0.3),
(253, 1, 1, 0, 0, 0, 0, 0, 0, 1, 1, 0.4),
(254, 1, 1, 0, 0, 0, 0, 0, 0, 1, 0, 0.3),
(255, 1, 1, 0, 0, 0, 0, 0, 0, 0, 1, 0.3),
(256, 1, 1, 0, 0, 0, 0, 0, 0, 0, 0, 0.2),
(257, 1, 0, 1, 1, 1, 1, 1, 1, 1, 1, 0.9),
(258, 1, 0, 1, 1, 1, 1, 1, 1, 1, 0, 0.8),
(259, 1, 0, 1, 1, 1, 1, 1, 1, 0, 1, 0.8),
(260, 1, 0, 1, 1, 1, 1, 1, 1, 0, 0, 0.7),
(261, 1, 0, 1, 1, 1, 1, 1, 0, 1, 1, 0.8),
(262, 1, 0, 1, 1, 1, 1, 1, 0, 1, 0, 0.7),
(263, 1, 0, 1, 1, 1, 1, 1, 0, 0, 1, 0.7),
(264, 1, 0, 1, 1, 1, 1, 1, 0, 0, 0, 0.6),
(265, 1, 0, 1, 1, 1, 1, 0, 1, 1, 1, 0.8),
(266, 1, 0, 1, 1, 1, 1, 0, 1, 1, 0, 0.7),
(267, 1, 0, 1, 1, 1, 1, 0, 1, 0, 1, 0.7),
(268, 1, 0, 1, 1, 1, 1, 0, 1, 0, 0, 0.6),
(269, 1, 0, 1, 1, 1, 1, 0, 0, 1, 1, 0.7),
(270, 1, 0, 1, 1, 1, 1, 0, 0, 1, 0, 0.6),
(271, 1, 0, 1, 1, 1, 1, 0, 0, 0, 1, 0.6),
(272, 1, 0, 1, 1, 1, 1, 0, 0, 0, 0, 0.5),
(273, 1, 0, 1, 1, 1, 0, 1, 1, 1, 1, 0.8),
(274, 1, 0, 1, 1, 1, 0, 1, 1, 1, 0, 0.7),
(275, 1, 0, 1, 1, 1, 0, 1, 1, 0, 1, 0.7),
(276, 1, 0, 1, 1, 1, 0, 1, 1, 0, 0, 0.6),
(277, 1, 0, 1, 1, 1, 0, 1, 0, 1, 1, 0.7),
(278, 1, 0, 1, 1, 1, 0, 1, 0, 1, 0, 0.6),
(279, 1, 0, 1, 1, 1, 0, 1, 0, 0, 1, 0.6),
(280, 1, 0, 1, 1, 1, 0, 1, 0, 0, 0, 0.5),
(281, 1, 0, 1, 1, 1, 0, 0, 1, 1, 1, 0.7),
(282, 1, 0, 1, 1, 1, 0, 0, 1, 1, 0, 0.6),
(283, 1, 0, 1, 1, 1, 0, 0, 1, 0, 1, 0.6),
(284, 1, 0, 1, 1, 1, 0, 0, 1, 0, 0, 0.5),
(285, 1, 0, 1, 1, 1, 0, 0, 0, 1, 1, 0.6),
(286, 1, 0, 1, 1, 1, 0, 0, 0, 1, 0, 0.5),
(287, 1, 0, 1, 1, 1, 0, 0, 0, 0, 1, 0.5),
(288, 1, 0, 1, 1, 1, 0, 0, 0, 0, 0, 0.4),
(289, 1, 0, 1, 1, 0, 1, 1, 1, 1, 1, 0.8),
(290, 1, 0, 1, 1, 0, 1, 1, 1, 1, 0, 0.7),
(291, 1, 0, 1, 1, 0, 1, 1, 1, 0, 1, 0.7),
(292, 1, 0, 1, 1, 0, 1, 1, 1, 0, 0, 0.6),
(293, 1, 0, 1, 1, 0, 1, 1, 0, 1, 1, 0.7),
(294, 1, 0, 1, 1, 0, 1, 1, 0, 1, 0, 0.6),
(295, 1, 0, 1, 1, 0, 1, 1, 0, 0, 1, 0.6),
(296, 1, 0, 1, 1, 0, 1, 1, 0, 0, 0, 0.5),
(297, 1, 0, 1, 1, 0, 1, 0, 1, 1, 1, 0.7),
(298, 1, 0, 1, 1, 0, 1, 0, 1, 1, 0, 0.6),
(299, 1, 0, 1, 1, 0, 1, 0, 1, 0, 1, 0.6),
(300, 1, 0, 1, 1, 0, 1, 0, 1, 0, 0, 0.5),
(301, 1, 0, 1, 1, 0, 1, 0, 0, 1, 1, 0.6),
(302, 1, 0, 1, 1, 0, 1, 0, 0, 1, 0, 0.5),
(303, 1, 0, 1, 1, 0, 1, 0, 0, 0, 1, 0.5),
(304, 1, 0, 1, 1, 0, 1, 0, 0, 0, 0, 0.4),
(305, 1, 0, 1, 1, 0, 0, 1, 1, 1, 1, 0.7),
(306, 1, 0, 1, 1, 0, 0, 1, 1, 1, 0, 0.6),
(307, 1, 0, 1, 1, 0, 0, 1, 1, 0, 1, 0.6),
(308, 1, 0, 1, 1, 0, 0, 1, 1, 0, 0, 0.5),
(309, 1, 0, 1, 1, 0, 0, 1, 0, 1, 1, 0.6),
(310, 1, 0, 1, 1, 0, 0, 1, 0, 1, 0, 0.5),
(311, 1, 0, 1, 1, 0, 0, 1, 0, 0, 1, 0.5),
(312, 1, 0, 1, 1, 0, 0, 1, 0, 0, 0, 0.4),
(313, 1, 0, 1, 1, 0, 0, 0, 1, 1, 1, 0.6),
(314, 1, 0, 1, 1, 0, 0, 0, 1, 1, 0, 0.5),
(315, 1, 0, 1, 1, 0, 0, 0, 1, 0, 1, 0.5),
(316, 1, 0, 1, 1, 0, 0, 0, 1, 0, 0, 0.4),
(317, 1, 0, 1, 1, 0, 0, 0, 0, 1, 1, 0.5),
(318, 1, 0, 1, 1, 0, 0, 0, 0, 1, 0, 0.4),
(319, 1, 0, 1, 1, 0, 0, 0, 0, 0, 1, 0.4),
(320, 1, 0, 1, 1, 0, 0, 0, 0, 0, 0, 0.3),
(321, 1, 0, 1, 0, 1, 1, 1, 1, 1, 1, 0.8),
(322, 1, 0, 1, 0, 1, 1, 1, 1, 1, 0, 0.7),
(323, 1, 0, 1, 0, 1, 1, 1, 1, 0, 1, 0.7),
(324, 1, 0, 1, 0, 1, 1, 1, 1, 0, 0, 0.6),
(325, 1, 0, 1, 0, 1, 1, 1, 0, 1, 1, 0.7),
(326, 1, 0, 1, 0, 1, 1, 1, 0, 1, 0, 0.6),
(327, 1, 0, 1, 0, 1, 1, 1, 0, 0, 1, 0.6),
(328, 1, 0, 1, 0, 1, 1, 1, 0, 0, 0, 0.5),
(329, 1, 0, 1, 0, 1, 1, 0, 1, 1, 1, 0.7),
(330, 1, 0, 1, 0, 1, 1, 0, 1, 1, 0, 0.6),
(331, 1, 0, 1, 0, 1, 1, 0, 1, 0, 1, 0.6),
(332, 1, 0, 1, 0, 1, 1, 0, 1, 0, 0, 0.5),
(333, 1, 0, 1, 0, 1, 1, 0, 0, 1, 1, 0.6),
(334, 1, 0, 1, 0, 1, 1, 0, 0, 1, 0, 0.5),
(335, 1, 0, 1, 0, 1, 1, 0, 0, 0, 1, 0.5),
(336, 1, 0, 1, 0, 1, 1, 0, 0, 0, 0, 0.4),
(337, 1, 0, 1, 0, 1, 0, 1, 1, 1, 1, 0.7),
(338, 1, 0, 1, 0, 1, 0, 1, 1, 1, 0, 0.6),
(339, 1, 0, 1, 0, 1, 0, 1, 1, 0, 1, 0.6),
(340, 1, 0, 1, 0, 1, 0, 1, 1, 0, 0, 0.5),
(341, 1, 0, 1, 0, 1, 0, 1, 0, 1, 1, 0.6),
(342, 1, 0, 1, 0, 1, 0, 1, 0, 1, 0, 0.5),
(343, 1, 0, 1, 0, 1, 0, 1, 0, 0, 1, 0.5),
(344, 1, 0, 1, 0, 1, 0, 1, 0, 0, 0, 0.4),
(345, 1, 0, 1, 0, 1, 0, 0, 1, 1, 1, 0.6),
(346, 1, 0, 1, 0, 1, 0, 0, 1, 1, 0, 0.5),
(347, 1, 0, 1, 0, 1, 0, 0, 1, 0, 1, 0.5),
(348, 1, 0, 1, 0, 1, 0, 0, 1, 0, 0, 0.4),
(349, 1, 0, 1, 0, 1, 0, 0, 0, 1, 1, 0.5),
(350, 1, 0, 1, 0, 1, 0, 0, 0, 1, 0, 0.4),
(351, 1, 0, 1, 0, 1, 0, 0, 0, 0, 1, 0.4),
(352, 1, 0, 1, 0, 1, 0, 0, 0, 0, 0, 0.3),
(353, 1, 0, 1, 0, 0, 1, 1, 1, 1, 1, 0.7),
(354, 1, 0, 1, 0, 0, 1, 1, 1, 1, 0, 0.6),
(355, 1, 0, 1, 0, 0, 1, 1, 1, 0, 1, 0.6),
(356, 1, 0, 1, 0, 0, 1, 1, 1, 0, 0, 0.5),
(357, 1, 0, 1, 0, 0, 1, 1, 0, 1, 1, 0.6),
(358, 1, 0, 1, 0, 0, 1, 1, 0, 1, 0, 0.5),
(359, 1, 0, 1, 0, 0, 1, 1, 0, 0, 1, 0.5),
(360, 1, 0, 1, 0, 0, 1, 1, 0, 0, 0, 0.4),
(361, 1, 0, 1, 0, 0, 1, 0, 1, 1, 1, 0.6),
(362, 1, 0, 1, 0, 0, 1, 0, 1, 1, 0, 0.5),
(363, 1, 0, 1, 0, 0, 1, 0, 1, 0, 1, 0.5),
(364, 1, 0, 1, 0, 0, 1, 0, 1, 0, 0, 0.4),
(365, 1, 0, 1, 0, 0, 1, 0, 0, 1, 1, 0.5),
(366, 1, 0, 1, 0, 0, 1, 0, 0, 1, 0, 0.4),
(367, 1, 0, 1, 0, 0, 1, 0, 0, 0, 1, 0.4),
(368, 1, 0, 1, 0, 0, 1, 0, 0, 0, 0, 0.3),
(369, 1, 0, 1, 0, 0, 0, 1, 1, 1, 1, 0.6),
(370, 1, 0, 1, 0, 0, 0, 1, 1, 1, 0, 0.5),
(371, 1, 0, 1, 0, 0, 0, 1, 1, 0, 1, 0.5),
(372, 1, 0, 1, 0, 0, 0, 1, 1, 0, 0, 0.4),
(373, 1, 0, 1, 0, 0, 0, 1, 0, 1, 1, 0.5),
(374, 1, 0, 1, 0, 0, 0, 1, 0, 1, 0, 0.4),
(375, 1, 0, 1, 0, 0, 0, 1, 0, 0, 1, 0.4),
(376, 1, 0, 1, 0, 0, 0, 1, 0, 0, 0, 0.3),
(377, 1, 0, 1, 0, 0, 0, 0, 1, 1, 1, 0.5),
(378, 1, 0, 1, 0, 0, 0, 0, 1, 1, 0, 0.4),
(379, 1, 0, 1, 0, 0, 0, 0, 1, 0, 1, 0.4),
(380, 1, 0, 1, 0, 0, 0, 0, 1, 0, 0, 0.3),
(381, 1, 0, 1, 0, 0, 0, 0, 0, 1, 1, 0.4),
(382, 1, 0, 1, 0, 0, 0, 0, 0, 1, 0, 0.3),
(383, 1, 0, 1, 0, 0, 0, 0, 0, 0, 1, 0.3),
(384, 1, 0, 1, 0, 0, 0, 0, 0, 0, 0, 0.2),
(385, 1, 0, 0, 1, 1, 1, 1, 1, 1, 1, 0.8),
(386, 1, 0, 0, 1, 1, 1, 1, 1, 1, 0, 0.7),
(387, 1, 0, 0, 1, 1, 1, 1, 1, 0, 1, 0.7),
(388, 1, 0, 0, 1, 1, 1, 1, 1, 0, 0, 0.6),
(389, 1, 0, 0, 1, 1, 1, 1, 0, 1, 1, 0.7),
(390, 1, 0, 0, 1, 1, 1, 1, 0, 1, 0, 0.6),
(391, 1, 0, 0, 1, 1, 1, 1, 0, 0, 1, 0.6),
(392, 1, 0, 0, 1, 1, 1, 1, 0, 0, 0, 0.5),
(393, 1, 0, 0, 1, 1, 1, 0, 1, 1, 1, 0.7),
(394, 1, 0, 0, 1, 1, 1, 0, 1, 1, 0, 0.6),
(395, 1, 0, 0, 1, 1, 1, 0, 1, 0, 1, 0.6),
(396, 1, 0, 0, 1, 1, 1, 0, 1, 0, 0, 0.5),
(397, 1, 0, 0, 1, 1, 1, 0, 0, 1, 1, 0.6),
(398, 1, 0, 0, 1, 1, 1, 0, 0, 1, 0, 0.5),
(399, 1, 0, 0, 1, 1, 1, 0, 0, 0, 1, 0.5),
(400, 1, 0, 0, 1, 1, 1, 0, 0, 0, 0, 0.4),
(401, 1, 0, 0, 1, 1, 0, 1, 1, 1, 1, 0.7),
(402, 1, 0, 0, 1, 1, 0, 1, 1, 1, 0, 0.6),
(403, 1, 0, 0, 1, 1, 0, 1, 1, 0, 1, 0.6),
(404, 1, 0, 0, 1, 1, 0, 1, 1, 0, 0, 0.5),
(405, 1, 0, 0, 1, 1, 0, 1, 0, 1, 1, 0.6),
(406, 1, 0, 0, 1, 1, 0, 1, 0, 1, 0, 0.5),
(407, 1, 0, 0, 1, 1, 0, 1, 0, 0, 1, 0.5),
(408, 1, 0, 0, 1, 1, 0, 1, 0, 0, 0, 0.4),
(409, 1, 0, 0, 1, 1, 0, 0, 1, 1, 1, 0.6),
(410, 1, 0, 0, 1, 1, 0, 0, 1, 1, 0, 0.5),
(411, 1, 0, 0, 1, 1, 0, 0, 1, 0, 1, 0.5),
(412, 1, 0, 0, 1, 1, 0, 0, 1, 0, 0, 0.4),
(413, 1, 0, 0, 1, 1, 0, 0, 0, 1, 1, 0.5),
(414, 1, 0, 0, 1, 1, 0, 0, 0, 1, 0, 0.4),
(415, 1, 0, 0, 1, 1, 0, 0, 0, 0, 1, 0.4),
(416, 1, 0, 0, 1, 1, 0, 0, 0, 0, 0, 0.3),
(417, 1, 0, 0, 1, 0, 1, 1, 1, 1, 1, 0.7),
(418, 1, 0, 0, 1, 0, 1, 1, 1, 1, 0, 0.6),
(419, 1, 0, 0, 1, 0, 1, 1, 1, 0, 1, 0.6),
(420, 1, 0, 0, 1, 0, 1, 1, 1, 0, 0, 0.5),
(421, 1, 0, 0, 1, 0, 1, 1, 0, 1, 1, 0.6),
(422, 1, 0, 0, 1, 0, 1, 1, 0, 1, 0, 0.5),
(423, 1, 0, 0, 1, 0, 1, 1, 0, 0, 1, 0.5),
(424, 1, 0, 0, 1, 0, 1, 1, 0, 0, 0, 0.4),
(425, 1, 0, 0, 1, 0, 1, 0, 1, 1, 1, 0.6),
(426, 1, 0, 0, 1, 0, 1, 0, 1, 1, 0, 0.5),
(427, 1, 0, 0, 1, 0, 1, 0, 1, 0, 1, 0.5),
(428, 1, 0, 0, 1, 0, 1, 0, 1, 0, 0, 0.4),
(429, 1, 0, 0, 1, 0, 1, 0, 0, 1, 1, 0.5),
(430, 1, 0, 0, 1, 0, 1, 0, 0, 1, 0, 0.4),
(431, 1, 0, 0, 1, 0, 1, 0, 0, 0, 1, 0.4),
(432, 1, 0, 0, 1, 0, 1, 0, 0, 0, 0, 0.3),
(433, 1, 0, 0, 1, 0, 0, 1, 1, 1, 1, 0.6),
(434, 1, 0, 0, 1, 0, 0, 1, 1, 1, 0, 0.5),
(435, 1, 0, 0, 1, 0, 0, 1, 1, 0, 1, 0.5),
(436, 1, 0, 0, 1, 0, 0, 1, 1, 0, 0, 0.4),
(437, 1, 0, 0, 1, 0, 0, 1, 0, 1, 1, 0.5),
(438, 1, 0, 0, 1, 0, 0, 1, 0, 1, 0, 0.4),
(439, 1, 0, 0, 1, 0, 0, 1, 0, 0, 1, 0.4),
(440, 1, 0, 0, 1, 0, 0, 1, 0, 0, 0, 0.3),
(441, 1, 0, 0, 1, 0, 0, 0, 1, 1, 1, 0.5),
(442, 1, 0, 0, 1, 0, 0, 0, 1, 1, 0, 0.4),
(443, 1, 0, 0, 1, 0, 0, 0, 1, 0, 1, 0.4),
(444, 1, 0, 0, 1, 0, 0, 0, 1, 0, 0, 0.3),
(445, 1, 0, 0, 1, 0, 0, 0, 0, 1, 1, 0.4),
(446, 1, 0, 0, 1, 0, 0, 0, 0, 1, 0, 0.3),
(447, 1, 0, 0, 1, 0, 0, 0, 0, 0, 1, 0.3),
(448, 1, 0, 0, 1, 0, 0, 0, 0, 0, 0, 0.2),
(449, 1, 0, 0, 0, 1, 1, 1, 1, 1, 1, 0.7),
(450, 1, 0, 0, 0, 1, 1, 1, 1, 1, 0, 0.6),
(451, 1, 0, 0, 0, 1, 1, 1, 1, 0, 1, 0.6),
(452, 1, 0, 0, 0, 1, 1, 1, 1, 0, 0, 0.5),
(453, 1, 0, 0, 0, 1, 1, 1, 0, 1, 1, 0.6),
(454, 1, 0, 0, 0, 1, 1, 1, 0, 1, 0, 0.5),
(455, 1, 0, 0, 0, 1, 1, 1, 0, 0, 1, 0.5),
(456, 1, 0, 0, 0, 1, 1, 1, 0, 0, 0, 0.4),
(457, 1, 0, 0, 0, 1, 1, 0, 1, 1, 1, 0.6),
(458, 1, 0, 0, 0, 1, 1, 0, 1, 1, 0, 0.5),
(459, 1, 0, 0, 0, 1, 1, 0, 1, 0, 1, 0.5),
(460, 1, 0, 0, 0, 1, 1, 0, 1, 0, 0, 0.4),
(461, 1, 0, 0, 0, 1, 1, 0, 0, 1, 1, 0.5),
(462, 1, 0, 0, 0, 1, 1, 0, 0, 1, 0, 0.4),
(463, 1, 0, 0, 0, 1, 1, 0, 0, 0, 1, 0.4),
(464, 1, 0, 0, 0, 1, 1, 0, 0, 0, 0, 0.3),
(465, 1, 0, 0, 0, 1, 0, 1, 1, 1, 1, 0.6),
(466, 1, 0, 0, 0, 1, 0, 1, 1, 1, 0, 0.5),
(467, 1, 0, 0, 0, 1, 0, 1, 1, 0, 1, 0.5),
(468, 1, 0, 0, 0, 1, 0, 1, 1, 0, 0, 0.4),
(469, 1, 0, 0, 0, 1, 0, 1, 0, 1, 1, 0.5),
(470, 1, 0, 0, 0, 1, 0, 1, 0, 1, 0, 0.4),
(471, 1, 0, 0, 0, 1, 0, 1, 0, 0, 1, 0.4),
(472, 1, 0, 0, 0, 1, 0, 1, 0, 0, 0, 0.3),
(473, 1, 0, 0, 0, 1, 0, 0, 1, 1, 1, 0.5),
(474, 1, 0, 0, 0, 1, 0, 0, 1, 1, 0, 0.4),
(475, 1, 0, 0, 0, 1, 0, 0, 1, 0, 1, 0.4),
(476, 1, 0, 0, 0, 1, 0, 0, 1, 0, 0, 0.3),
(477, 1, 0, 0, 0, 1, 0, 0, 0, 1, 1, 0.4),
(478, 1, 0, 0, 0, 1, 0, 0, 0, 1, 0, 0.3),
(479, 1, 0, 0, 0, 1, 0, 0, 0, 0, 1, 0.3),
(480, 1, 0, 0, 0, 1, 0, 0, 0, 0, 0, 0.2),
(481, 1, 0, 0, 0, 0, 1, 1, 1, 1, 1, 0.6),
(482, 1, 0, 0, 0, 0, 1, 1, 1, 1, 0, 0.5),
(483, 1, 0, 0, 0, 0, 1, 1, 1, 0, 1, 0.5),
(484, 1, 0, 0, 0, 0, 1, 1, 1, 0, 0, 0.4),
(485, 1, 0, 0, 0, 0, 1, 1, 0, 1, 1, 0.5),
(486, 1, 0, 0, 0, 0, 1, 1, 0, 1, 0, 0.4),
(487, 1, 0, 0, 0, 0, 1, 1, 0, 0, 1, 0.4),
(488, 1, 0, 0, 0, 0, 1, 1, 0, 0, 0, 0.3),
(489, 1, 0, 0, 0, 0, 1, 0, 1, 1, 1, 0.5),
(490, 1, 0, 0, 0, 0, 1, 0, 1, 1, 0, 0.4),
(491, 1, 0, 0, 0, 0, 1, 0, 1, 0, 1, 0.4),
(492, 1, 0, 0, 0, 0, 1, 0, 1, 0, 0, 0.3),
(493, 1, 0, 0, 0, 0, 1, 0, 0, 1, 1, 0.4),
(494, 1, 0, 0, 0, 0, 1, 0, 0, 1, 0, 0.3),
(495, 1, 0, 0, 0, 0, 1, 0, 0, 0, 1, 0.3),
(496, 1, 0, 0, 0, 0, 1, 0, 0, 0, 0, 0.2),
(497, 1, 0, 0, 0, 0, 0, 1, 1, 1, 1, 0.5),
(498, 1, 0, 0, 0, 0, 0, 1, 1, 1, 0, 0.4),
(499, 1, 0, 0, 0, 0, 0, 1, 1, 0, 1, 0.4),
(500, 1, 0, 0, 0, 0, 0, 1, 1, 0, 0, 0.3),
(501, 1, 0, 0, 0, 0, 0, 1, 0, 1, 1, 0.4),
(502, 1, 0, 0, 0, 0, 0, 1, 0, 1, 0, 0.3),
(503, 1, 0, 0, 0, 0, 0, 1, 0, 0, 1, 0.3),
(504, 1, 0, 0, 0, 0, 0, 1, 0, 0, 0, 0.2),
(505, 1, 0, 0, 0, 0, 0, 0, 1, 1, 1, 0.4),
(506, 1, 0, 0, 0, 0, 0, 0, 1, 1, 0, 0.3),
(507, 1, 0, 0, 0, 0, 0, 0, 1, 0, 1, 0.3),
(508, 1, 0, 0, 0, 0, 0, 0, 1, 0, 0, 0.2),
(509, 1, 0, 0, 0, 0, 0, 0, 0, 1, 1, 0.3),
(510, 1, 0, 0, 0, 0, 0, 0, 0, 1, 0, 0.2),
(511, 1, 0, 0, 0, 0, 0, 0, 0, 0, 1, 0.2),
(512, 1, 0, 0, 0, 0, 0, 0, 0, 0, 0, 0.1),
(513, 0, 1, 1, 1, 1, 1, 1, 1, 1, 1, 0.9),
(514, 0, 1, 1, 1, 1, 1, 1, 1, 1, 0, 0.8),
(515, 0, 1, 1, 1, 1, 1, 1, 1, 0, 1, 0.8),
(516, 0, 1, 1, 1, 1, 1, 1, 1, 0, 0, 0.7),
(517, 0, 1, 1, 1, 1, 1, 1, 0, 1, 1, 0.8),
(518, 0, 1, 1, 1, 1, 1, 1, 0, 1, 0, 0.7),
(519, 0, 1, 1, 1, 1, 1, 1, 0, 0, 1, 0.7),
(520, 0, 1, 1, 1, 1, 1, 1, 0, 0, 0, 0.6),
(521, 0, 1, 1, 1, 1, 1, 0, 1, 1, 1, 0.8),
(522, 0, 1, 1, 1, 1, 1, 0, 1, 1, 0, 0.7),
(523, 0, 1, 1, 1, 1, 1, 0, 1, 0, 1, 0.7),
(524, 0, 1, 1, 1, 1, 1, 0, 1, 0, 0, 0.6),
(525, 0, 1, 1, 1, 1, 1, 0, 0, 1, 1, 0.7),
(526, 0, 1, 1, 1, 1, 1, 0, 0, 1, 0, 0.6),
(527, 0, 1, 1, 1, 1, 1, 0, 0, 0, 1, 0.6),
(528, 0, 1, 1, 1, 1, 1, 0, 0, 0, 0, 0.5),
(529, 0, 1, 1, 1, 1, 0, 1, 1, 1, 1, 0.8),
(530, 0, 1, 1, 1, 1, 0, 1, 1, 1, 0, 0.7),
(531, 0, 1, 1, 1, 1, 0, 1, 1, 0, 1, 0.7),
(532, 0, 1, 1, 1, 1, 0, 1, 1, 0, 0, 0.6),
(533, 0, 1, 1, 1, 1, 0, 1, 0, 1, 1, 0.7),
(534, 0, 1, 1, 1, 1, 0, 1, 0, 1, 0, 0.6),
(535, 0, 1, 1, 1, 1, 0, 1, 0, 0, 1, 0.6),
(536, 0, 1, 1, 1, 1, 0, 1, 0, 0, 0, 0.5),
(537, 0, 1, 1, 1, 1, 0, 0, 1, 1, 1, 0.7),
(538, 0, 1, 1, 1, 1, 0, 0, 1, 1, 0, 0.6),
(539, 0, 1, 1, 1, 1, 0, 0, 1, 0, 1, 0.6),
(540, 0, 1, 1, 1, 1, 0, 0, 1, 0, 0, 0.5),
(541, 0, 1, 1, 1, 1, 0, 0, 0, 1, 1, 0.6),
(542, 0, 1, 1, 1, 1, 0, 0, 0, 1, 0, 0.5),
(543, 0, 1, 1, 1, 1, 0, 0, 0, 0, 1, 0.5),
(544, 0, 1, 1, 1, 1, 0, 0, 0, 0, 0, 0.4),
(545, 0, 1, 1, 1, 0, 1, 1, 1, 1, 1, 0.8),
(546, 0, 1, 1, 1, 0, 1, 1, 1, 1, 0, 0.7),
(547, 0, 1, 1, 1, 0, 1, 1, 1, 0, 1, 0.7),
(548, 0, 1, 1, 1, 0, 1, 1, 1, 0, 0, 0.6),
(549, 0, 1, 1, 1, 0, 1, 1, 0, 1, 1, 0.7),
(550, 0, 1, 1, 1, 0, 1, 1, 0, 1, 0, 0.6),
(551, 0, 1, 1, 1, 0, 1, 1, 0, 0, 1, 0.6),
(552, 0, 1, 1, 1, 0, 1, 1, 0, 0, 0, 0.5),
(553, 0, 1, 1, 1, 0, 1, 0, 1, 1, 1, 0.7),
(554, 0, 1, 1, 1, 0, 1, 0, 1, 1, 0, 0.6),
(555, 0, 1, 1, 1, 0, 1, 0, 1, 0, 1, 0.6),
(556, 0, 1, 1, 1, 0, 1, 0, 1, 0, 0, 0.5),
(557, 0, 1, 1, 1, 0, 1, 0, 0, 1, 1, 0.6),
(558, 0, 1, 1, 1, 0, 1, 0, 0, 1, 0, 0.5),
(559, 0, 1, 1, 1, 0, 1, 0, 0, 0, 1, 0.5),
(560, 0, 1, 1, 1, 0, 1, 0, 0, 0, 0, 0.4),
(561, 0, 1, 1, 1, 0, 0, 1, 1, 1, 1, 0.7),
(562, 0, 1, 1, 1, 0, 0, 1, 1, 1, 0, 0.6),
(563, 0, 1, 1, 1, 0, 0, 1, 1, 0, 1, 0.6),
(564, 0, 1, 1, 1, 0, 0, 1, 1, 0, 0, 0.5),
(565, 0, 1, 1, 1, 0, 0, 1, 0, 1, 1, 0.6),
(566, 0, 1, 1, 1, 0, 0, 1, 0, 1, 0, 0.5),
(567, 0, 1, 1, 1, 0, 0, 1, 0, 0, 1, 0.5),
(568, 0, 1, 1, 1, 0, 0, 1, 0, 0, 0, 0.4),
(569, 0, 1, 1, 1, 0, 0, 0, 1, 1, 1, 0.6),
(570, 0, 1, 1, 1, 0, 0, 0, 1, 1, 0, 0.5),
(571, 0, 1, 1, 1, 0, 0, 0, 1, 0, 1, 0.5),
(572, 0, 1, 1, 1, 0, 0, 0, 1, 0, 0, 0.4),
(573, 0, 1, 1, 1, 0, 0, 0, 0, 1, 1, 0.5),
(574, 0, 1, 1, 1, 0, 0, 0, 0, 1, 0, 0.4),
(575, 0, 1, 1, 1, 0, 0, 0, 0, 0, 1, 0.4),
(576, 0, 1, 1, 1, 0, 0, 0, 0, 0, 0, 0.3),
(577, 0, 1, 1, 0, 1, 1, 1, 1, 1, 1, 0.8),
(578, 0, 1, 1, 0, 1, 1, 1, 1, 1, 0, 0.7),
(579, 0, 1, 1, 0, 1, 1, 1, 1, 0, 1, 0.7),
(580, 0, 1, 1, 0, 1, 1, 1, 1, 0, 0, 0.6),
(581, 0, 1, 1, 0, 1, 1, 1, 0, 1, 1, 0.7),
(582, 0, 1, 1, 0, 1, 1, 1, 0, 1, 0, 0.6),
(583, 0, 1, 1, 0, 1, 1, 1, 0, 0, 1, 0.6),
(584, 0, 1, 1, 0, 1, 1, 1, 0, 0, 0, 0.5),
(585, 0, 1, 1, 0, 1, 1, 0, 1, 1, 1, 0.7),
(586, 0, 1, 1, 0, 1, 1, 0, 1, 1, 0, 0.6),
(587, 0, 1, 1, 0, 1, 1, 0, 1, 0, 1, 0.6),
(588, 0, 1, 1, 0, 1, 1, 0, 1, 0, 0, 0.5),
(589, 0, 1, 1, 0, 1, 1, 0, 0, 1, 1, 0.6),
(590, 0, 1, 1, 0, 1, 1, 0, 0, 1, 0, 0.5),
(591, 0, 1, 1, 0, 1, 1, 0, 0, 0, 1, 0.5),
(592, 0, 1, 1, 0, 1, 1, 0, 0, 0, 0, 0.4),
(593, 0, 1, 1, 0, 1, 0, 1, 1, 1, 1, 0.7),
(594, 0, 1, 1, 0, 1, 0, 1, 1, 1, 0, 0.6),
(595, 0, 1, 1, 0, 1, 0, 1, 1, 0, 1, 0.6),
(596, 0, 1, 1, 0, 1, 0, 1, 1, 0, 0, 0.5),
(597, 0, 1, 1, 0, 1, 0, 1, 0, 1, 1, 0.6),
(598, 0, 1, 1, 0, 1, 0, 1, 0, 1, 0, 0.5),
(599, 0, 1, 1, 0, 1, 0, 1, 0, 0, 1, 0.5),
(600, 0, 1, 1, 0, 1, 0, 1, 0, 0, 0, 0.4),
(601, 0, 1, 1, 0, 1, 0, 0, 1, 1, 1, 0.6),
(602, 0, 1, 1, 0, 1, 0, 0, 1, 1, 0, 0.5),
(603, 0, 1, 1, 0, 1, 0, 0, 1, 0, 1, 0.5),
(604, 0, 1, 1, 0, 1, 0, 0, 1, 0, 0, 0.4),
(605, 0, 1, 1, 0, 1, 0, 0, 0, 1, 1, 0.5),
(606, 0, 1, 1, 0, 1, 0, 0, 0, 1, 0, 0.4),
(607, 0, 1, 1, 0, 1, 0, 0, 0, 0, 1, 0.4),
(608, 0, 1, 1, 0, 1, 0, 0, 0, 0, 0, 0.3),
(609, 0, 1, 1, 0, 0, 1, 1, 1, 1, 1, 0.7),
(610, 0, 1, 1, 0, 0, 1, 1, 1, 1, 0, 0.6),
(611, 0, 1, 1, 0, 0, 1, 1, 1, 0, 1, 0.6),
(612, 0, 1, 1, 0, 0, 1, 1, 1, 0, 0, 0.5),
(613, 0, 1, 1, 0, 0, 1, 1, 0, 1, 1, 0.6),
(614, 0, 1, 1, 0, 0, 1, 1, 0, 1, 0, 0.5),
(615, 0, 1, 1, 0, 0, 1, 1, 0, 0, 1, 0.5),
(616, 0, 1, 1, 0, 0, 1, 1, 0, 0, 0, 0.4),
(617, 0, 1, 1, 0, 0, 1, 0, 1, 1, 1, 0.6),
(618, 0, 1, 1, 0, 0, 1, 0, 1, 1, 0, 0.5),
(619, 0, 1, 1, 0, 0, 1, 0, 1, 0, 1, 0.5),
(620, 0, 1, 1, 0, 0, 1, 0, 1, 0, 0, 0.4),
(621, 0, 1, 1, 0, 0, 1, 0, 0, 1, 1, 0.5),
(622, 0, 1, 1, 0, 0, 1, 0, 0, 1, 0, 0.4),
(623, 0, 1, 1, 0, 0, 1, 0, 0, 0, 1, 0.4),
(624, 0, 1, 1, 0, 0, 1, 0, 0, 0, 0, 0.3),
(625, 0, 1, 1, 0, 0, 0, 1, 1, 1, 1, 0.6),
(626, 0, 1, 1, 0, 0, 0, 1, 1, 1, 0, 0.5),
(627, 0, 1, 1, 0, 0, 0, 1, 1, 0, 1, 0.5),
(628, 0, 1, 1, 0, 0, 0, 1, 1, 0, 0, 0.4),
(629, 0, 1, 1, 0, 0, 0, 1, 0, 1, 1, 0.5),
(630, 0, 1, 1, 0, 0, 0, 1, 0, 1, 0, 0.4),
(631, 0, 1, 1, 0, 0, 0, 1, 0, 0, 1, 0.4),
(632, 0, 1, 1, 0, 0, 0, 1, 0, 0, 0, 0.3),
(633, 0, 1, 1, 0, 0, 0, 0, 1, 1, 1, 0.5),
(634, 0, 1, 1, 0, 0, 0, 0, 1, 1, 0, 0.4),
(635, 0, 1, 1, 0, 0, 0, 0, 1, 0, 1, 0.4),
(636, 0, 1, 1, 0, 0, 0, 0, 1, 0, 0, 0.3),
(637, 0, 1, 1, 0, 0, 0, 0, 0, 1, 1, 0.4),
(638, 0, 1, 1, 0, 0, 0, 0, 0, 1, 0, 0.3),
(639, 0, 1, 1, 0, 0, 0, 0, 0, 0, 1, 0.3),
(640, 0, 1, 1, 0, 0, 0, 0, 0, 0, 0, 0.2),
(641, 0, 1, 0, 1, 1, 1, 1, 1, 1, 1, 0.8),
(642, 0, 1, 0, 1, 1, 1, 1, 1, 1, 0, 0.7),
(643, 0, 1, 0, 1, 1, 1, 1, 1, 0, 1, 0.7),
(644, 0, 1, 0, 1, 1, 1, 1, 1, 0, 0, 0.6),
(645, 0, 1, 0, 1, 1, 1, 1, 0, 1, 1, 0.7),
(646, 0, 1, 0, 1, 1, 1, 1, 0, 1, 0, 0.6),
(647, 0, 1, 0, 1, 1, 1, 1, 0, 0, 1, 0.6),
(648, 0, 1, 0, 1, 1, 1, 1, 0, 0, 0, 0.5),
(649, 0, 1, 0, 1, 1, 1, 0, 1, 1, 1, 0.7),
(650, 0, 1, 0, 1, 1, 1, 0, 1, 1, 0, 0.6),
(651, 0, 1, 0, 1, 1, 1, 0, 1, 0, 1, 0.6),
(652, 0, 1, 0, 1, 1, 1, 0, 1, 0, 0, 0.5),
(653, 0, 1, 0, 1, 1, 1, 0, 0, 1, 1, 0.6),
(654, 0, 1, 0, 1, 1, 1, 0, 0, 1, 0, 0.5),
(655, 0, 1, 0, 1, 1, 1, 0, 0, 0, 1, 0.5),
(656, 0, 1, 0, 1, 1, 1, 0, 0, 0, 0, 0.4),
(657, 0, 1, 0, 1, 1, 0, 1, 1, 1, 1, 0.7),
(658, 0, 1, 0, 1, 1, 0, 1, 1, 1, 0, 0.6),
(659, 0, 1, 0, 1, 1, 0, 1, 1, 0, 1, 0.6),
(660, 0, 1, 0, 1, 1, 0, 1, 1, 0, 0, 0.5),
(661, 0, 1, 0, 1, 1, 0, 1, 0, 1, 1, 0.6),
(662, 0, 1, 0, 1, 1, 0, 1, 0, 1, 0, 0.5),
(663, 0, 1, 0, 1, 1, 0, 1, 0, 0, 1, 0.5),
(664, 0, 1, 0, 1, 1, 0, 1, 0, 0, 0, 0.4),
(665, 0, 1, 0, 1, 1, 0, 0, 1, 1, 1, 0.6),
(666, 0, 1, 0, 1, 1, 0, 0, 1, 1, 0, 0.5),
(667, 0, 1, 0, 1, 1, 0, 0, 1, 0, 1, 0.5),
(668, 0, 1, 0, 1, 1, 0, 0, 1, 0, 0, 0.4),
(669, 0, 1, 0, 1, 1, 0, 0, 0, 1, 1, 0.5),
(670, 0, 1, 0, 1, 1, 0, 0, 0, 1, 0, 0.4),
(671, 0, 1, 0, 1, 1, 0, 0, 0, 0, 1, 0.4),
(672, 0, 1, 0, 1, 1, 0, 0, 0, 0, 0, 0.3),
(673, 0, 1, 0, 1, 0, 1, 1, 1, 1, 1, 0.7),
(674, 0, 1, 0, 1, 0, 1, 1, 1, 1, 0, 0.6),
(675, 0, 1, 0, 1, 0, 1, 1, 1, 0, 1, 0.6),
(676, 0, 1, 0, 1, 0, 1, 1, 1, 0, 0, 0.5),
(677, 0, 1, 0, 1, 0, 1, 1, 0, 1, 1, 0.6),
(678, 0, 1, 0, 1, 0, 1, 1, 0, 1, 0, 0.5),
(679, 0, 1, 0, 1, 0, 1, 1, 0, 0, 1, 0.5),
(680, 0, 1, 0, 1, 0, 1, 1, 0, 0, 0, 0.4),
(681, 0, 1, 0, 1, 0, 1, 0, 1, 1, 1, 0.6),
(682, 0, 1, 0, 1, 0, 1, 0, 1, 1, 0, 0.5),
(683, 0, 1, 0, 1, 0, 1, 0, 1, 0, 1, 0.5),
(684, 0, 1, 0, 1, 0, 1, 0, 1, 0, 0, 0.4),
(685, 0, 1, 0, 1, 0, 1, 0, 0, 1, 1, 0.5),
(686, 0, 1, 0, 1, 0, 1, 0, 0, 1, 0, 0.4),
(687, 0, 1, 0, 1, 0, 1, 0, 0, 0, 1, 0.4),
(688, 0, 1, 0, 1, 0, 1, 0, 0, 0, 0, 0.3),
(689, 0, 1, 0, 1, 0, 0, 1, 1, 1, 1, 0.6),
(690, 0, 1, 0, 1, 0, 0, 1, 1, 1, 0, 0.5),
(691, 0, 1, 0, 1, 0, 0, 1, 1, 0, 1, 0.5),
(692, 0, 1, 0, 1, 0, 0, 1, 1, 0, 0, 0.4),
(693, 0, 1, 0, 1, 0, 0, 1, 0, 1, 1, 0.5),
(694, 0, 1, 0, 1, 0, 0, 1, 0, 1, 0, 0.4),
(695, 0, 1, 0, 1, 0, 0, 1, 0, 0, 1, 0.4),
(696, 0, 1, 0, 1, 0, 0, 1, 0, 0, 0, 0.3),
(697, 0, 1, 0, 1, 0, 0, 0, 1, 1, 1, 0.5),
(698, 0, 1, 0, 1, 0, 0, 0, 1, 1, 0, 0.4),
(699, 0, 1, 0, 1, 0, 0, 0, 1, 0, 1, 0.4),
(700, 0, 1, 0, 1, 0, 0, 0, 1, 0, 0, 0.3),
(701, 0, 1, 0, 1, 0, 0, 0, 0, 1, 1, 0.4),
(702, 0, 1, 0, 1, 0, 0, 0, 0, 1, 0, 0.3),
(703, 0, 1, 0, 1, 0, 0, 0, 0, 0, 1, 0.3),
(704, 0, 1, 0, 1, 0, 0, 0, 0, 0, 0, 0.2),
(705, 0, 1, 0, 0, 1, 1, 1, 1, 1, 1, 0.7),
(706, 0, 1, 0, 0, 1, 1, 1, 1, 1, 0, 0.6),
(707, 0, 1, 0, 0, 1, 1, 1, 1, 0, 1, 0.6),
(708, 0, 1, 0, 0, 1, 1, 1, 1, 0, 0, 0.5),
(709, 0, 1, 0, 0, 1, 1, 1, 0, 1, 1, 0.6),
(710, 0, 1, 0, 0, 1, 1, 1, 0, 1, 0, 0.5),
(711, 0, 1, 0, 0, 1, 1, 1, 0, 0, 1, 0.5),
(712, 0, 1, 0, 0, 1, 1, 1, 0, 0, 0, 0.4),
(713, 0, 1, 0, 0, 1, 1, 0, 1, 1, 1, 0.6),
(714, 0, 1, 0, 0, 1, 1, 0, 1, 1, 0, 0.5),
(715, 0, 1, 0, 0, 1, 1, 0, 1, 0, 1, 0.5),
(716, 0, 1, 0, 0, 1, 1, 0, 1, 0, 0, 0.4),
(717, 0, 1, 0, 0, 1, 1, 0, 0, 1, 1, 0.5),
(718, 0, 1, 0, 0, 1, 1, 0, 0, 1, 0, 0.4),
(719, 0, 1, 0, 0, 1, 1, 0, 0, 0, 1, 0.4),
(720, 0, 1, 0, 0, 1, 1, 0, 0, 0, 0, 0.3),
(721, 0, 1, 0, 0, 1, 0, 1, 1, 1, 1, 0.6),
(722, 0, 1, 0, 0, 1, 0, 1, 1, 1, 0, 0.5),
(723, 0, 1, 0, 0, 1, 0, 1, 1, 0, 1, 0.5),
(724, 0, 1, 0, 0, 1, 0, 1, 1, 0, 0, 0.4),
(725, 0, 1, 0, 0, 1, 0, 1, 0, 1, 1, 0.5),
(726, 0, 1, 0, 0, 1, 0, 1, 0, 1, 0, 0.4),
(727, 0, 1, 0, 0, 1, 0, 1, 0, 0, 1, 0.4),
(728, 0, 1, 0, 0, 1, 0, 1, 0, 0, 0, 0.3),
(729, 0, 1, 0, 0, 1, 0, 0, 1, 1, 1, 0.5),
(730, 0, 1, 0, 0, 1, 0, 0, 1, 1, 0, 0.4),
(731, 0, 1, 0, 0, 1, 0, 0, 1, 0, 1, 0.4),
(732, 0, 1, 0, 0, 1, 0, 0, 1, 0, 0, 0.3),
(733, 0, 1, 0, 0, 1, 0, 0, 0, 1, 1, 0.4),
(734, 0, 1, 0, 0, 1, 0, 0, 0, 1, 0, 0.3),
(735, 0, 1, 0, 0, 1, 0, 0, 0, 0, 1, 0.3),
(736, 0, 1, 0, 0, 1, 0, 0, 0, 0, 0, 0.2),
(737, 0, 1, 0, 0, 0, 1, 1, 1, 1, 1, 0.6),
(738, 0, 1, 0, 0, 0, 1, 1, 1, 1, 0, 0.5),
(739, 0, 1, 0, 0, 0, 1, 1, 1, 0, 1, 0.5),
(740, 0, 1, 0, 0, 0, 1, 1, 1, 0, 0, 0.4),
(741, 0, 1, 0, 0, 0, 1, 1, 0, 1, 1, 0.5),
(742, 0, 1, 0, 0, 0, 1, 1, 0, 1, 0, 0.4),
(743, 0, 1, 0, 0, 0, 1, 1, 0, 0, 1, 0.4),
(744, 0, 1, 0, 0, 0, 1, 1, 0, 0, 0, 0.3),
(745, 0, 1, 0, 0, 0, 1, 0, 1, 1, 1, 0.5),
(746, 0, 1, 0, 0, 0, 1, 0, 1, 1, 0, 0.4),
(747, 0, 1, 0, 0, 0, 1, 0, 1, 0, 1, 0.4),
(748, 0, 1, 0, 0, 0, 1, 0, 1, 0, 0, 0.3),
(749, 0, 1, 0, 0, 0, 1, 0, 0, 1, 1, 0.4),
(750, 0, 1, 0, 0, 0, 1, 0, 0, 1, 0, 0.3),
(751, 0, 1, 0, 0, 0, 1, 0, 0, 0, 1, 0.3),
(752, 0, 1, 0, 0, 0, 1, 0, 0, 0, 0, 0.2),
(753, 0, 1, 0, 0, 0, 0, 1, 1, 1, 1, 0.5),
(754, 0, 1, 0, 0, 0, 0, 1, 1, 1, 0, 0.4),
(755, 0, 1, 0, 0, 0, 0, 1, 1, 0, 1, 0.4),
(756, 0, 1, 0, 0, 0, 0, 1, 1, 0, 0, 0.3),
(757, 0, 1, 0, 0, 0, 0, 1, 0, 1, 1, 0.4),
(758, 0, 1, 0, 0, 0, 0, 1, 0, 1, 0, 0.3),
(759, 0, 1, 0, 0, 0, 0, 1, 0, 0, 1, 0.3),
(760, 0, 1, 0, 0, 0, 0, 1, 0, 0, 0, 0.2),
(761, 0, 1, 0, 0, 0, 0, 0, 1, 1, 1, 0.4),
(762, 0, 1, 0, 0, 0, 0, 0, 1, 1, 0, 0.3),
(763, 0, 1, 0, 0, 0, 0, 0, 1, 0, 1, 0.3),
(764, 0, 1, 0, 0, 0, 0, 0, 1, 0, 0, 0.2),
(765, 0, 1, 0, 0, 0, 0, 0, 0, 1, 1, 0.3),
(766, 0, 1, 0, 0, 0, 0, 0, 0, 1, 0, 0.2),
(767, 0, 1, 0, 0, 0, 0, 0, 0, 0, 1, 0.2),
(768, 0, 1, 0, 0, 0, 0, 0, 0, 0, 0, 0.1),
(769, 0, 0, 1, 1, 1, 1, 1, 1, 1, 1, 0.8),
(770, 0, 0, 1, 1, 1, 1, 1, 1, 1, 0, 0.7),
(771, 0, 0, 1, 1, 1, 1, 1, 1, 0, 1, 0.7),
(772, 0, 0, 1, 1, 1, 1, 1, 1, 0, 0, 0.6),
(773, 0, 0, 1, 1, 1, 1, 1, 0, 1, 1, 0.7),
(774, 0, 0, 1, 1, 1, 1, 1, 0, 1, 0, 0.6),
(775, 0, 0, 1, 1, 1, 1, 1, 0, 0, 1, 0.6),
(776, 0, 0, 1, 1, 1, 1, 1, 0, 0, 0, 0.5),
(777, 0, 0, 1, 1, 1, 1, 0, 1, 1, 1, 0.7),
(778, 0, 0, 1, 1, 1, 1, 0, 1, 1, 0, 0.6),
(779, 0, 0, 1, 1, 1, 1, 0, 1, 0, 1, 0.6),
(780, 0, 0, 1, 1, 1, 1, 0, 1, 0, 0, 0.5),
(781, 0, 0, 1, 1, 1, 1, 0, 0, 1, 1, 0.6),
(782, 0, 0, 1, 1, 1, 1, 0, 0, 1, 0, 0.5),
(783, 0, 0, 1, 1, 1, 1, 0, 0, 0, 1, 0.5),
(784, 0, 0, 1, 1, 1, 1, 0, 0, 0, 0, 0.4),
(785, 0, 0, 1, 1, 1, 0, 1, 1, 1, 1, 0.7),
(786, 0, 0, 1, 1, 1, 0, 1, 1, 1, 0, 0.6),
(787, 0, 0, 1, 1, 1, 0, 1, 1, 0, 1, 0.6),
(788, 0, 0, 1, 1, 1, 0, 1, 1, 0, 0, 0.5),
(789, 0, 0, 1, 1, 1, 0, 1, 0, 1, 1, 0.6),
(790, 0, 0, 1, 1, 1, 0, 1, 0, 1, 0, 0.5),
(791, 0, 0, 1, 1, 1, 0, 1, 0, 0, 1, 0.5),
(792, 0, 0, 1, 1, 1, 0, 1, 0, 0, 0, 0.4),
(793, 0, 0, 1, 1, 1, 0, 0, 1, 1, 1, 0.6),
(794, 0, 0, 1, 1, 1, 0, 0, 1, 1, 0, 0.5),
(795, 0, 0, 1, 1, 1, 0, 0, 1, 0, 1, 0.5),
(796, 0, 0, 1, 1, 1, 0, 0, 1, 0, 0, 0.4),
(797, 0, 0, 1, 1, 1, 0, 0, 0, 1, 1, 0.5),
(798, 0, 0, 1, 1, 1, 0, 0, 0, 1, 0, 0.4),
(799, 0, 0, 1, 1, 1, 0, 0, 0, 0, 1, 0.4),
(800, 0, 0, 1, 1, 1, 0, 0, 0, 0, 0, 0.3),
(801, 0, 0, 1, 1, 0, 1, 1, 1, 1, 1, 0.7),
(802, 0, 0, 1, 1, 0, 1, 1, 1, 1, 0, 0.6),
(803, 0, 0, 1, 1, 0, 1, 1, 1, 0, 1, 0.6),
(804, 0, 0, 1, 1, 0, 1, 1, 1, 0, 0, 0.5),
(805, 0, 0, 1, 1, 0, 1, 1, 0, 1, 1, 0.6),
(806, 0, 0, 1, 1, 0, 1, 1, 0, 1, 0, 0.5),
(807, 0, 0, 1, 1, 0, 1, 1, 0, 0, 1, 0.5),
(808, 0, 0, 1, 1, 0, 1, 1, 0, 0, 0, 0.4),
(809, 0, 0, 1, 1, 0, 1, 0, 1, 1, 1, 0.6),
(810, 0, 0, 1, 1, 0, 1, 0, 1, 1, 0, 0.5),
(811, 0, 0, 1, 1, 0, 1, 0, 1, 0, 1, 0.5),
(812, 0, 0, 1, 1, 0, 1, 0, 1, 0, 0, 0.4),
(813, 0, 0, 1, 1, 0, 1, 0, 0, 1, 1, 0.5),
(814, 0, 0, 1, 1, 0, 1, 0, 0, 1, 0, 0.4),
(815, 0, 0, 1, 1, 0, 1, 0, 0, 0, 1, 0.4),
(816, 0, 0, 1, 1, 0, 1, 0, 0, 0, 0, 0.3),
(817, 0, 0, 1, 1, 0, 0, 1, 1, 1, 1, 0.6),
(818, 0, 0, 1, 1, 0, 0, 1, 1, 1, 0, 0.5),
(819, 0, 0, 1, 1, 0, 0, 1, 1, 0, 1, 0.5),
(820, 0, 0, 1, 1, 0, 0, 1, 1, 0, 0, 0.4),
(821, 0, 0, 1, 1, 0, 0, 1, 0, 1, 1, 0.5),
(822, 0, 0, 1, 1, 0, 0, 1, 0, 1, 0, 0.4),
(823, 0, 0, 1, 1, 0, 0, 1, 0, 0, 1, 0.4),
(824, 0, 0, 1, 1, 0, 0, 1, 0, 0, 0, 0.3),
(825, 0, 0, 1, 1, 0, 0, 0, 1, 1, 1, 0.5),
(826, 0, 0, 1, 1, 0, 0, 0, 1, 1, 0, 0.4),
(827, 0, 0, 1, 1, 0, 0, 0, 1, 0, 1, 0.4),
(828, 0, 0, 1, 1, 0, 0, 0, 1, 0, 0, 0.3),
(829, 0, 0, 1, 1, 0, 0, 0, 0, 1, 1, 0.4),
(830, 0, 0, 1, 1, 0, 0, 0, 0, 1, 0, 0.3),
(831, 0, 0, 1, 1, 0, 0, 0, 0, 0, 1, 0.3),
(832, 0, 0, 1, 1, 0, 0, 0, 0, 0, 0, 0.2),
(833, 0, 0, 1, 0, 1, 1, 1, 1, 1, 1, 0.7),
(834, 0, 0, 1, 0, 1, 1, 1, 1, 1, 0, 0.6),
(835, 0, 0, 1, 0, 1, 1, 1, 1, 0, 1, 0.6),
(836, 0, 0, 1, 0, 1, 1, 1, 1, 0, 0, 0.5),
(837, 0, 0, 1, 0, 1, 1, 1, 0, 1, 1, 0.6),
(838, 0, 0, 1, 0, 1, 1, 1, 0, 1, 0, 0.5),
(839, 0, 0, 1, 0, 1, 1, 1, 0, 0, 1, 0.5),
(840, 0, 0, 1, 0, 1, 1, 1, 0, 0, 0, 0.4),
(841, 0, 0, 1, 0, 1, 1, 0, 1, 1, 1, 0.6),
(842, 0, 0, 1, 0, 1, 1, 0, 1, 1, 0, 0.5),
(843, 0, 0, 1, 0, 1, 1, 0, 1, 0, 1, 0.5),
(844, 0, 0, 1, 0, 1, 1, 0, 1, 0, 0, 0.4),
(845, 0, 0, 1, 0, 1, 1, 0, 0, 1, 1, 0.5),
(846, 0, 0, 1, 0, 1, 1, 0, 0, 1, 0, 0.4),
(847, 0, 0, 1, 0, 1, 1, 0, 0, 0, 1, 0.4),
(848, 0, 0, 1, 0, 1, 1, 0, 0, 0, 0, 0.3),
(849, 0, 0, 1, 0, 1, 0, 1, 1, 1, 1, 0.6),
(850, 0, 0, 1, 0, 1, 0, 1, 1, 1, 0, 0.5),
(851, 0, 0, 1, 0, 1, 0, 1, 1, 0, 1, 0.5),
(852, 0, 0, 1, 0, 1, 0, 1, 1, 0, 0, 0.4),
(853, 0, 0, 1, 0, 1, 0, 1, 0, 1, 1, 0.5),
(854, 0, 0, 1, 0, 1, 0, 1, 0, 1, 0, 0.4),
(855, 0, 0, 1, 0, 1, 0, 1, 0, 0, 1, 0.4),
(856, 0, 0, 1, 0, 1, 0, 1, 0, 0, 0, 0.3),
(857, 0, 0, 1, 0, 1, 0, 0, 1, 1, 1, 0.5),
(858, 0, 0, 1, 0, 1, 0, 0, 1, 1, 0, 0.4),
(859, 0, 0, 1, 0, 1, 0, 0, 1, 0, 1, 0.4),
(860, 0, 0, 1, 0, 1, 0, 0, 1, 0, 0, 0.3),
(861, 0, 0, 1, 0, 1, 0, 0, 0, 1, 1, 0.4),
(862, 0, 0, 1, 0, 1, 0, 0, 0, 1, 0, 0.3),
(863, 0, 0, 1, 0, 1, 0, 0, 0, 0, 1, 0.3),
(864, 0, 0, 1, 0, 1, 0, 0, 0, 0, 0, 0.2),
(865, 0, 0, 1, 0, 0, 1, 1, 1, 1, 1, 0.6),
(866, 0, 0, 1, 0, 0, 1, 1, 1, 1, 0, 0.5),
(867, 0, 0, 1, 0, 0, 1, 1, 1, 0, 1, 0.5),
(868, 0, 0, 1, 0, 0, 1, 1, 1, 0, 0, 0.4),
(869, 0, 0, 1, 0, 0, 1, 1, 0, 1, 1, 0.5),
(870, 0, 0, 1, 0, 0, 1, 1, 0, 1, 0, 0.4),
(871, 0, 0, 1, 0, 0, 1, 1, 0, 0, 1, 0.4),
(872, 0, 0, 1, 0, 0, 1, 1, 0, 0, 0, 0.3),
(873, 0, 0, 1, 0, 0, 1, 0, 1, 1, 1, 0.5),
(874, 0, 0, 1, 0, 0, 1, 0, 1, 1, 0, 0.4),
(875, 0, 0, 1, 0, 0, 1, 0, 1, 0, 1, 0.4),
(876, 0, 0, 1, 0, 0, 1, 0, 1, 0, 0, 0.3),
(877, 0, 0, 1, 0, 0, 1, 0, 0, 1, 1, 0.4),
(878, 0, 0, 1, 0, 0, 1, 0, 0, 1, 0, 0.3),
(879, 0, 0, 1, 0, 0, 1, 0, 0, 0, 1, 0.3),
(880, 0, 0, 1, 0, 0, 1, 0, 0, 0, 0, 0.2),
(881, 0, 0, 1, 0, 0, 0, 1, 1, 1, 1, 0.5),
(882, 0, 0, 1, 0, 0, 0, 1, 1, 1, 0, 0.4),
(883, 0, 0, 1, 0, 0, 0, 1, 1, 0, 1, 0.4),
(884, 0, 0, 1, 0, 0, 0, 1, 1, 0, 0, 0.3),
(885, 0, 0, 1, 0, 0, 0, 1, 0, 1, 1, 0.4),
(886, 0, 0, 1, 0, 0, 0, 1, 0, 1, 0, 0.3),
(887, 0, 0, 1, 0, 0, 0, 1, 0, 0, 1, 0.3),
(888, 0, 0, 1, 0, 0, 0, 1, 0, 0, 0, 0.2),
(889, 0, 0, 1, 0, 0, 0, 0, 1, 1, 1, 0.4),
(890, 0, 0, 1, 0, 0, 0, 0, 1, 1, 0, 0.3),
(891, 0, 0, 1, 0, 0, 0, 0, 1, 0, 1, 0.3),
(892, 0, 0, 1, 0, 0, 0, 0, 1, 0, 0, 0.2),
(893, 0, 0, 1, 0, 0, 0, 0, 0, 1, 1, 0.3),
(894, 0, 0, 1, 0, 0, 0, 0, 0, 1, 0, 0.2),
(895, 0, 0, 1, 0, 0, 0, 0, 0, 0, 1, 0.2),
(896, 0, 0, 1, 0, 0, 0, 0, 0, 0, 0, 0.1),
(897, 0, 0, 0, 1, 1, 1, 1, 1, 1, 1, 0.7),
(898, 0, 0, 0, 1, 1, 1, 1, 1, 1, 0, 0.6),
(899, 0, 0, 0, 1, 1, 1, 1, 1, 0, 1, 0.6),
(900, 0, 0, 0, 1, 1, 1, 1, 1, 0, 0, 0.5),
(901, 0, 0, 0, 1, 1, 1, 1, 0, 1, 1, 0.6),
(902, 0, 0, 0, 1, 1, 1, 1, 0, 1, 0, 0.5),
(903, 0, 0, 0, 1, 1, 1, 1, 0, 0, 1, 0.5),
(904, 0, 0, 0, 1, 1, 1, 1, 0, 0, 0, 0.4),
(905, 0, 0, 0, 1, 1, 1, 0, 1, 1, 1, 0.6),
(906, 0, 0, 0, 1, 1, 1, 0, 1, 1, 0, 0.5),
(907, 0, 0, 0, 1, 1, 1, 0, 1, 0, 1, 0.5),
(908, 0, 0, 0, 1, 1, 1, 0, 1, 0, 0, 0.4),
(909, 0, 0, 0, 1, 1, 1, 0, 0, 1, 1, 0.5),
(910, 0, 0, 0, 1, 1, 1, 0, 0, 1, 0, 0.4),
(911, 0, 0, 0, 1, 1, 1, 0, 0, 0, 1, 0.4),
(912, 0, 0, 0, 1, 1, 1, 0, 0, 0, 0, 0.3),
(913, 0, 0, 0, 1, 1, 0, 1, 1, 1, 1, 0.6),
(914, 0, 0, 0, 1, 1, 0, 1, 1, 1, 0, 0.5),
(915, 0, 0, 0, 1, 1, 0, 1, 1, 0, 1, 0.5),
(916, 0, 0, 0, 1, 1, 0, 1, 1, 0, 0, 0.4),
(917, 0, 0, 0, 1, 1, 0, 1, 0, 1, 1, 0.5),
(918, 0, 0, 0, 1, 1, 0, 1, 0, 1, 0, 0.4),
(919, 0, 0, 0, 1, 1, 0, 1, 0, 0, 1, 0.4),
(920, 0, 0, 0, 1, 1, 0, 1, 0, 0, 0, 0.3),
(921, 0, 0, 0, 1, 1, 0, 0, 1, 1, 1, 0.5),
(922, 0, 0, 0, 1, 1, 0, 0, 1, 1, 0, 0.4),
(923, 0, 0, 0, 1, 1, 0, 0, 1, 0, 1, 0.4),
(924, 0, 0, 0, 1, 1, 0, 0, 1, 0, 0, 0.3),
(925, 0, 0, 0, 1, 1, 0, 0, 0, 1, 1, 0.4),
(926, 0, 0, 0, 1, 1, 0, 0, 0, 1, 0, 0.3),
(927, 0, 0, 0, 1, 1, 0, 0, 0, 0, 1, 0.3),
(928, 0, 0, 0, 1, 1, 0, 0, 0, 0, 0, 0.2),
(929, 0, 0, 0, 1, 0, 1, 1, 1, 1, 1, 0.6),
(930, 0, 0, 0, 1, 0, 1, 1, 1, 1, 0, 0.5),
(931, 0, 0, 0, 1, 0, 1, 1, 1, 0, 1, 0.5),
(932, 0, 0, 0, 1, 0, 1, 1, 1, 0, 0, 0.4),
(933, 0, 0, 0, 1, 0, 1, 1, 0, 1, 1, 0.5),
(934, 0, 0, 0, 1, 0, 1, 1, 0, 1, 0, 0.4),
(935, 0, 0, 0, 1, 0, 1, 1, 0, 0, 1, 0.4),
(936, 0, 0, 0, 1, 0, 1, 1, 0, 0, 0, 0.3),
(937, 0, 0, 0, 1, 0, 1, 0, 1, 1, 1, 0.5),
(938, 0, 0, 0, 1, 0, 1, 0, 1, 1, 0, 0.4),
(939, 0, 0, 0, 1, 0, 1, 0, 1, 0, 1, 0.4),
(940, 0, 0, 0, 1, 0, 1, 0, 1, 0, 0, 0.3),
(941, 0, 0, 0, 1, 0, 1, 0, 0, 1, 1, 0.4),
(942, 0, 0, 0, 1, 0, 1, 0, 0, 1, 0, 0.3),
(943, 0, 0, 0, 1, 0, 1, 0, 0, 0, 1, 0.3),
(944, 0, 0, 0, 1, 0, 1, 0, 0, 0, 0, 0.2),
(945, 0, 0, 0, 1, 0, 0, 1, 1, 1, 1, 0.5),
(946, 0, 0, 0, 1, 0, 0, 1, 1, 1, 0, 0.4),
(947, 0, 0, 0, 1, 0, 0, 1, 1, 0, 1, 0.4),
(948, 0, 0, 0, 1, 0, 0, 1, 1, 0, 0, 0.3),
(949, 0, 0, 0, 1, 0, 0, 1, 0, 1, 1, 0.4),
(950, 0, 0, 0, 1, 0, 0, 1, 0, 1, 0, 0.3),
(951, 0, 0, 0, 1, 0, 0, 1, 0, 0, 1, 0.3),
(952, 0, 0, 0, 1, 0, 0, 1, 0, 0, 0, 0.2),
(953, 0, 0, 0, 1, 0, 0, 0, 1, 1, 1, 0.4),
(954, 0, 0, 0, 1, 0, 0, 0, 1, 1, 0, 0.3),
(955, 0, 0, 0, 1, 0, 0, 0, 1, 0, 1, 0.3),
(956, 0, 0, 0, 1, 0, 0, 0, 1, 0, 0, 0.2),
(957, 0, 0, 0, 1, 0, 0, 0, 0, 1, 1, 0.3),
(958, 0, 0, 0, 1, 0, 0, 0, 0, 1, 0, 0.2),
(959, 0, 0, 0, 1, 0, 0, 0, 0, 0, 1, 0.2),
(960, 0, 0, 0, 1, 0, 0, 0, 0, 0, 0, 0.1),
(961, 0, 0, 0, 0, 1, 1, 1, 1, 1, 1, 0.6),
(962, 0, 0, 0, 0, 1, 1, 1, 1, 1, 0, 0.5),
(963, 0, 0, 0, 0, 1, 1, 1, 1, 0, 1, 0.5),
(964, 0, 0, 0, 0, 1, 1, 1, 1, 0, 0, 0.4),
(965, 0, 0, 0, 0, 1, 1, 1, 0, 1, 1, 0.5),
(966, 0, 0, 0, 0, 1, 1, 1, 0, 1, 0, 0.4),
(967, 0, 0, 0, 0, 1, 1, 1, 0, 0, 1, 0.4),
(968, 0, 0, 0, 0, 1, 1, 1, 0, 0, 0, 0.3),
(969, 0, 0, 0, 0, 1, 1, 0, 1, 1, 1, 0.5),
(970, 0, 0, 0, 0, 1, 1, 0, 1, 1, 0, 0.4),
(971, 0, 0, 0, 0, 1, 1, 0, 1, 0, 1, 0.4),
(972, 0, 0, 0, 0, 1, 1, 0, 1, 0, 0, 0.3),
(973, 0, 0, 0, 0, 1, 1, 0, 0, 1, 1, 0.4),
(974, 0, 0, 0, 0, 1, 1, 0, 0, 1, 0, 0.3),
(975, 0, 0, 0, 0, 1, 1, 0, 0, 0, 1, 0.3),
(976, 0, 0, 0, 0, 1, 1, 0, 0, 0, 0, 0.2),
(977, 0, 0, 0, 0, 1, 0, 1, 1, 1, 1, 0.5),
(978, 0, 0, 0, 0, 1, 0, 1, 1, 1, 0, 0.4),
(979, 0, 0, 0, 0, 1, 0, 1, 1, 0, 1, 0.4),
(980, 0, 0, 0, 0, 1, 0, 1, 1, 0, 0, 0.3),
(981, 0, 0, 0, 0, 1, 0, 1, 0, 1, 1, 0.4),
(982, 0, 0, 0, 0, 1, 0, 1, 0, 1, 0, 0.3),
(983, 0, 0, 0, 0, 1, 0, 1, 0, 0, 1, 0.3),
(984, 0, 0, 0, 0, 1, 0, 1, 0, 0, 0, 0.2),
(985, 0, 0, 0, 0, 1, 0, 0, 1, 1, 1, 0.4),
(986, 0, 0, 0, 0, 1, 0, 0, 1, 1, 0, 0.3),
(987, 0, 0, 0, 0, 1, 0, 0, 1, 0, 1, 0.3),
(988, 0, 0, 0, 0, 1, 0, 0, 1, 0, 0, 0.2),
(989, 0, 0, 0, 0, 1, 0, 0, 0, 1, 1, 0.3),
(990, 0, 0, 0, 0, 1, 0, 0, 0, 1, 0, 0.2),
(991, 0, 0, 0, 0, 1, 0, 0, 0, 0, 1, 0.2),
(992, 0, 0, 0, 0, 1, 0, 0, 0, 0, 0, 0.1),
(993, 0, 0, 0, 0, 0, 1, 1, 1, 1, 1, 0.5),
(994, 0, 0, 0, 0, 0, 1, 1, 1, 1, 0, 0.4),
(995, 0, 0, 0, 0, 0, 1, 1, 1, 0, 1, 0.4),
(996, 0, 0, 0, 0, 0, 1, 1, 1, 0, 0, 0.3),
(997, 0, 0, 0, 0, 0, 1, 1, 0, 1, 1, 0.4),
(998, 0, 0, 0, 0, 0, 1, 1, 0, 1, 0, 0.3),
(999, 0, 0, 0, 0, 0, 1, 1, 0, 0, 1, 0.3),
(1000, 0, 0, 0, 0, 0, 1, 1, 0, 0, 0, 0.2),
(1001, 0, 0, 0, 0, 0, 1, 0, 1, 1, 1, 0.4),
(1002, 0, 0, 0, 0, 0, 1, 0, 1, 1, 0, 0.3),
(1003, 0, 0, 0, 0, 0, 1, 0, 1, 0, 1, 0.3),
(1004, 0, 0, 0, 0, 0, 1, 0, 1, 0, 0, 0.2),
(1005, 0, 0, 0, 0, 0, 1, 0, 0, 1, 1, 0.3),
(1006, 0, 0, 0, 0, 0, 1, 0, 0, 1, 0, 0.2),
(1007, 0, 0, 0, 0, 0, 1, 0, 0, 0, 1, 0.2),
(1008, 0, 0, 0, 0, 0, 1, 0, 0, 0, 0, 0.1),
(1009, 0, 0, 0, 0, 0, 0, 1, 1, 1, 1, 0.4),
(1010, 0, 0, 0, 0, 0, 0, 1, 1, 1, 0, 0.3),
(1011, 0, 0, 0, 0, 0, 0, 1, 1, 0, 1, 0.3),
(1012, 0, 0, 0, 0, 0, 0, 1, 1, 0, 0, 0.2),
(1013, 0, 0, 0, 0, 0, 0, 1, 0, 1, 1, 0.3),
(1014, 0, 0, 0, 0, 0, 0, 1, 0, 1, 0, 0.2),
(1015, 0, 0, 0, 0, 0, 0, 1, 0, 0, 1, 0.2),
(1016, 0, 0, 0, 0, 0, 0, 1, 0, 0, 0, 0.1),
(1017, 0, 0, 0, 0, 0, 0, 0, 1, 1, 1, 0.3),
(1018, 0, 0, 0, 0, 0, 0, 0, 1, 1, 0, 0.2),
(1019, 0, 0, 0, 0, 0, 0, 0, 1, 0, 1, 0.2),
(1020, 0, 0, 0, 0, 0, 0, 0, 1, 0, 0, 0.1),
(1021, 0, 0, 0, 0, 0, 0, 0, 0, 1, 1, 0.2),
(1022, 0, 0, 0, 0, 0, 0, 0, 0, 1, 0, 0.1),
(1023, 0, 0, 0, 0, 0, 0, 0, 0, 0, 1, 0.1),
(1024, 0, 0, 0, 0, 0, 0, 0, 0, 0, 0, 0);

-- --------------------------------------------------------

--
-- Table structure for table `disease`
--

CREATE TABLE IF NOT EXISTS `disease` (
  `disease_id` int(11) NOT NULL,
  `disease` varchar(20) NOT NULL,
  `d_prob` float NOT NULL,
  UNIQUE KEY `disease_id` (`disease_id`)
) ENGINE=InnoDB DEFAULT CHARSET=latin1;

--
-- Dumping data for table `disease`
--

INSERT INTO `disease` (`disease_id`, `disease`, `d_prob`) VALUES
(0, 'piles', 0.2),
(1, 'pneumonia', 0.005),
(2, 'asthma', 0.009);

-- --------------------------------------------------------

--
-- Table structure for table `history`
--

CREATE TABLE IF NOT EXISTS `history` (
  `id` int(11) NOT NULL AUTO_INCREMENT,
  `username` varchar(50) NOT NULL,
  `result` varchar(200) NOT NULL,
  `date` timestamp NOT NULL DEFAULT CURRENT_TIMESTAMP,
  PRIMARY KEY (`id`)
) ENGINE=InnoDB  DEFAULT CHARSET=latin1 AUTO_INCREMENT=54 ;

--
-- Dumping data for table `history`
--

INSERT INTO `history` (`id`, `username`, `result`, `date`) VALUES
(1, 'thagunna', 'You have Piles', '2015-09-08 09:07:37'),
(4, 'thagunna', 'You have Piles', '2015-09-08 09:07:37'),
(5, 'thagunna', 'You have asthma', '2015-09-08 09:07:37'),
(9, 'surya', 'You have Piles', '2015-09-08 09:57:27'),
(10, 'surya', 'You have Piles', '2015-09-08 09:57:36'),
(11, 'surya', 'You have Piles', '2015-09-08 09:57:42'),
(12, 'surya', 'You have Piles', '2015-09-08 10:35:42'),
(13, 'surya', 'You have Piles', '2015-09-08 10:35:46'),
(14, 'surya', 'You have Piles', '2015-09-08 14:35:13'),
(15, 'surya', 'You have pneumonia', '2015-09-08 14:40:02'),
(16, 'surya', 'You have Piles', '2015-09-08 15:12:44'),
(17, 'surya', 'You have Piles', '2015-09-08 15:28:13'),
(18, 'surya', 'You have Piles', '2015-09-08 15:39:07'),
(19, 'surya', 'You have Piles', '2015-09-08 15:39:17'),
(20, 'surya', 'You have Piles', '2015-09-08 15:40:29'),
(21, 'surya', 'You have Piles', '2015-09-08 15:50:14'),
(22, 'surya', 'You have Piles', '2015-09-08 16:13:15'),
(23, 'surya', 'You have Piles', '2015-09-08 17:01:30'),
(24, 'surya', 'You have Piles', '2015-09-08 17:13:32'),
(25, 'surya', 'You have Piles', '2015-09-10 06:28:30'),
(26, 'surya', 'You have Piles', '2015-09-10 06:56:58'),
(27, 'surya', 'You have pneumonia', '2015-09-10 06:57:07'),
(28, 'thagunna', 'You have pneumonia', '2015-09-11 08:18:53'),
(29, 'surya', 'You have Piles', '2015-09-11 09:33:28'),
(30, 'binod', 'You have pneumonia', '2015-09-14 06:39:46'),
(31, 'binod', 'You have pneumonia', '2015-09-14 06:40:01'),
(32, 'binod', 'You have Piles', '2015-09-14 06:40:42'),
(33, 'binod', 'You have Piles', '2015-09-14 06:42:24'),
(34, 'binod', 'You have pneumonia', '2015-09-14 06:45:37'),
(35, 'binod', 'You have pneumonia', '2015-09-14 06:45:50'),
(36, 'binod', 'You have pneumonia', '2015-09-14 06:46:03'),
(37, 'binod', 'You have pneumonia', '2015-09-14 06:47:10'),
(38, 'raju', 'You have asthma', '2015-09-14 11:55:40'),
(39, 'raju', 'You have Piles', '2015-09-14 11:56:17'),
(40, 'raju', 'You have pneumonia', '2015-09-14 11:56:58'),
(41, 'raju', 'You have Piles', '2015-09-14 11:58:32'),
(42, 'raju', 'You have pneumonia', '2015-09-14 12:14:39'),
(43, 'raju', 'You have pneumonia', '2015-09-14 12:16:26'),
(44, 'raju', 'You have pneumonia', '2015-09-14 12:16:30'),
(45, 'raju', 'You have pneumonia', '2015-09-14 12:16:33'),
(46, 'raju', 'You have Piles', '2015-09-14 12:16:36'),
(47, 'raju', 'You have Piles', '2015-09-14 12:18:36'),
(48, 'raju', 'You have asthma', '2015-09-14 12:18:55'),
(49, 'raju', 'You have asthma', '2015-09-14 12:19:31'),
(50, 'raju', 'You have asthma', '2015-09-14 12:20:17'),
(51, 'raju', 'You have asthma', '2015-09-14 12:21:01'),
(52, 'raju', 'You have asthma', '2015-09-14 12:21:32'),
(53, 'raju', 'You have asthma', '2015-09-14 12:22:01');

-- --------------------------------------------------------

--
-- Table structure for table `patient_info`
--

CREATE TABLE IF NOT EXISTS `patient_info` (
  `id` int(11) NOT NULL AUTO_INCREMENT,
  `name` varchar(50) NOT NULL,
  `age` int(11) NOT NULL,
  `gender` varchar(50) NOT NULL,
  `username` varchar(50) NOT NULL,
  PRIMARY KEY (`id`),
  UNIQUE KEY `username` (`username`)
) ENGINE=InnoDB  DEFAULT CHARSET=latin1 AUTO_INCREMENT=16 ;

--
-- Dumping data for table `patient_info`
--

INSERT INTO `patient_info` (`id`, `name`, `age`, `gender`, `username`) VALUES
(1, 'Bimal', 15, 'male', 'bimal123'),
(2, 'bimal', 12, 'Male', 'rakesh'),
(3, 'Bhim', 15, 'Male', 'bhim'),
(4, 'bimal1', 4, 'Male', 'bi'),
(6, 'Bhim', 21, 'Male', 'bhim123'),
(8, 'Harish', 23, 'Male', 'thagunna'),
(9, 'Bimal', 23, 'Male', 'bimal'),
(11, 'Bimal', 22, 'Male', 'surya'),
(12, 'bimal', 12, 'Male', 'slura'),
(13, 'bipin', 22, 'Male', 'bipinAle'),
(14, 'binod', 26, 'Male', 'binod'),
(15, 'Raju Chaudhary', 22, 'Male', 'raju');

-- --------------------------------------------------------

--
-- Table structure for table `piles`
--

CREATE TABLE IF NOT EXISTS `piles` (
  `ID` int(11) NOT NULL AUTO_INCREMENT,
  `BLEED` int(11) NOT NULL,
  `ITCH` int(11) NOT NULL,
  `LUMPHANG` int(11) NOT NULL,
  `MUCUSDIS` int(11) NOT NULL,
  `SWELL` int(11) NOT NULL,
  `PROB_PILES` double NOT NULL,
  PRIMARY KEY (`ID`)
) ENGINE=InnoDB  DEFAULT CHARSET=latin1 AUTO_INCREMENT=33 ;

--
-- Dumping data for table `piles`
--

INSERT INTO `piles` (`ID`, `BLEED`, `ITCH`, `LUMPHANG`, `MUCUSDIS`, `SWELL`, `PROB_PILES`) VALUES
(1, 1, 1, 1, 1, 1, 1),
(2, 1, 1, 1, 1, 0, 0.8),
(3, 1, 1, 1, 0, 1, 0.8),
(4, 1, 1, 1, 0, 0, 0.6000000000000001),
(5, 1, 1, 0, 1, 1, 0.8),
(6, 1, 1, 0, 1, 0, 0.6000000000000001),
(7, 1, 1, 0, 0, 1, 0.6000000000000001),
(8, 1, 1, 0, 0, 0, 0.4),
(9, 1, 0, 1, 1, 1, 0.8),
(10, 1, 0, 1, 1, 0, 0.6000000000000001),
(11, 1, 0, 1, 0, 1, 0.6000000000000001),
(12, 1, 0, 1, 0, 0, 0.4),
(13, 1, 0, 0, 1, 1, 0.6000000000000001),
(14, 1, 0, 0, 1, 0, 0.4),
(15, 1, 0, 0, 0, 1, 0.4),
(16, 1, 0, 0, 0, 0, 0.2),
(17, 0, 1, 1, 1, 1, 0.8),
(18, 0, 1, 1, 1, 0, 0.6000000000000001),
(19, 0, 1, 1, 0, 1, 0.6000000000000001),
(20, 0, 1, 1, 0, 0, 0.4),
(21, 0, 1, 0, 1, 1, 0.6000000000000001),
(22, 0, 1, 0, 1, 0, 0.4),
(23, 0, 1, 0, 0, 1, 0.4),
(24, 0, 1, 0, 0, 0, 0.2),
(25, 0, 0, 1, 1, 1, 0.6000000000000001),
(26, 0, 0, 1, 1, 0, 0.4),
(27, 0, 0, 1, 0, 1, 0.4),
(28, 0, 0, 1, 0, 0, 0.2),
(29, 0, 0, 0, 1, 1, 0.4),
(30, 0, 0, 0, 1, 0, 0.2),
(31, 0, 0, 0, 0, 1, 0.2),
(32, 0, 0, 0, 0, 0, 0);

-- --------------------------------------------------------

--
-- Table structure for table `pneumonia`
--

CREATE TABLE IF NOT EXISTS `pneumonia` (
  `ID` int(11) NOT NULL AUTO_INCREMENT,
  `FEVER` int(11) NOT NULL,
  `LOWERTEMP` int(11) NOT NULL,
  `COUGH` int(11) NOT NULL,
  `CHESTPAIN` int(11) NOT NULL,
  `BREATHSHORT` int(11) NOT NULL,
  `FATIGUE` int(11) NOT NULL,
  `NAUSEA` int(11) NOT NULL,
  `HEADACHE` int(11) NOT NULL,
  `prob_pneumonia` float NOT NULL,
  PRIMARY KEY (`ID`)
) ENGINE=InnoDB  DEFAULT CHARSET=latin1 AUTO_INCREMENT=257 ;

--
-- Dumping data for table `pneumonia`
--

INSERT INTO `pneumonia` (`ID`, `FEVER`, `LOWERTEMP`, `COUGH`, `CHESTPAIN`, `BREATHSHORT`, `FATIGUE`, `NAUSEA`, `HEADACHE`, `prob_pneumonia`) VALUES
(1, 1, 1, 1, 1, 1, 1, 1, 1, 1),
(2, 1, 1, 1, 1, 1, 1, 1, 0, 0.875),
(3, 1, 1, 1, 1, 1, 1, 0, 1, 0.875),
(4, 1, 1, 1, 1, 1, 1, 0, 0, 0.75),
(5, 1, 1, 1, 1, 1, 0, 1, 1, 0.875),
(6, 1, 1, 1, 1, 1, 0, 1, 0, 0.75),
(7, 1, 1, 1, 1, 1, 0, 0, 1, 0.75),
(8, 1, 1, 1, 1, 1, 0, 0, 0, 0.625),
(9, 1, 1, 1, 1, 0, 1, 1, 1, 0.875),
(10, 1, 1, 1, 1, 0, 1, 1, 0, 0.75),
(11, 1, 1, 1, 1, 0, 1, 0, 1, 0.75),
(12, 1, 1, 1, 1, 0, 1, 0, 0, 0.625),
(13, 1, 1, 1, 1, 0, 0, 1, 1, 0.75),
(14, 1, 1, 1, 1, 0, 0, 1, 0, 0.625),
(15, 1, 1, 1, 1, 0, 0, 0, 1, 0.625),
(16, 1, 1, 1, 1, 0, 0, 0, 0, 0.5),
(17, 1, 1, 1, 0, 1, 1, 1, 1, 0.875),
(18, 1, 1, 1, 0, 1, 1, 1, 0, 0.75),
(19, 1, 1, 1, 0, 1, 1, 0, 1, 0.75),
(20, 1, 1, 1, 0, 1, 1, 0, 0, 0.625),
(21, 1, 1, 1, 0, 1, 0, 1, 1, 0.75),
(22, 1, 1, 1, 0, 1, 0, 1, 0, 0.625),
(23, 1, 1, 1, 0, 1, 0, 0, 1, 0.625),
(24, 1, 1, 1, 0, 1, 0, 0, 0, 0.5),
(25, 1, 1, 1, 0, 0, 1, 1, 1, 0.75),
(26, 1, 1, 1, 0, 0, 1, 1, 0, 0.625),
(27, 1, 1, 1, 0, 0, 1, 0, 1, 0.625),
(28, 1, 1, 1, 0, 0, 1, 0, 0, 0.5),
(29, 1, 1, 1, 0, 0, 0, 1, 1, 0.625),
(30, 1, 1, 1, 0, 0, 0, 1, 0, 0.5),
(31, 1, 1, 1, 0, 0, 0, 0, 1, 0.5),
(32, 1, 1, 1, 0, 0, 0, 0, 0, 0.375),
(33, 1, 1, 0, 1, 1, 1, 1, 1, 0.875),
(34, 1, 1, 0, 1, 1, 1, 1, 0, 0.75),
(35, 1, 1, 0, 1, 1, 1, 0, 1, 0.75),
(36, 1, 1, 0, 1, 1, 1, 0, 0, 0.625),
(37, 1, 1, 0, 1, 1, 0, 1, 1, 0.75),
(38, 1, 1, 0, 1, 1, 0, 1, 0, 0.625),
(39, 1, 1, 0, 1, 1, 0, 0, 1, 0.625),
(40, 1, 1, 0, 1, 1, 0, 0, 0, 0.5),
(41, 1, 1, 0, 1, 0, 1, 1, 1, 0.75),
(42, 1, 1, 0, 1, 0, 1, 1, 0, 0.625),
(43, 1, 1, 0, 1, 0, 1, 0, 1, 0.625),
(44, 1, 1, 0, 1, 0, 1, 0, 0, 0.5),
(45, 1, 1, 0, 1, 0, 0, 1, 1, 0.625),
(46, 1, 1, 0, 1, 0, 0, 1, 0, 0.5),
(47, 1, 1, 0, 1, 0, 0, 0, 1, 0.5),
(48, 1, 1, 0, 1, 0, 0, 0, 0, 0.375),
(49, 1, 1, 0, 0, 1, 1, 1, 1, 0.75),
(50, 1, 1, 0, 0, 1, 1, 1, 0, 0.625),
(51, 1, 1, 0, 0, 1, 1, 0, 1, 0.625),
(52, 1, 1, 0, 0, 1, 1, 0, 0, 0.5),
(53, 1, 1, 0, 0, 1, 0, 1, 1, 0.625),
(54, 1, 1, 0, 0, 1, 0, 1, 0, 0.5),
(55, 1, 1, 0, 0, 1, 0, 0, 1, 0.5),
(56, 1, 1, 0, 0, 1, 0, 0, 0, 0.375),
(57, 1, 1, 0, 0, 0, 1, 1, 1, 0.625),
(58, 1, 1, 0, 0, 0, 1, 1, 0, 0.5),
(59, 1, 1, 0, 0, 0, 1, 0, 1, 0.5),
(60, 1, 1, 0, 0, 0, 1, 0, 0, 0.375),
(61, 1, 1, 0, 0, 0, 0, 1, 1, 0.5),
(62, 1, 1, 0, 0, 0, 0, 1, 0, 0.375),
(63, 1, 1, 0, 0, 0, 0, 0, 1, 0.375),
(64, 1, 1, 0, 0, 0, 0, 0, 0, 0.25),
(65, 1, 0, 1, 1, 1, 1, 1, 1, 0.875),
(66, 1, 0, 1, 1, 1, 1, 1, 0, 0.75),
(67, 1, 0, 1, 1, 1, 1, 0, 1, 0.75),
(68, 1, 0, 1, 1, 1, 1, 0, 0, 0.625),
(69, 1, 0, 1, 1, 1, 0, 1, 1, 0.75),
(70, 1, 0, 1, 1, 1, 0, 1, 0, 0.625),
(71, 1, 0, 1, 1, 1, 0, 0, 1, 0.625),
(72, 1, 0, 1, 1, 1, 0, 0, 0, 0.5),
(73, 1, 0, 1, 1, 0, 1, 1, 1, 0.75),
(74, 1, 0, 1, 1, 0, 1, 1, 0, 0.625),
(75, 1, 0, 1, 1, 0, 1, 0, 1, 0.625),
(76, 1, 0, 1, 1, 0, 1, 0, 0, 0.5),
(77, 1, 0, 1, 1, 0, 0, 1, 1, 0.625),
(78, 1, 0, 1, 1, 0, 0, 1, 0, 0.5),
(79, 1, 0, 1, 1, 0, 0, 0, 1, 0.5),
(80, 1, 0, 1, 1, 0, 0, 0, 0, 0.375),
(81, 1, 0, 1, 0, 1, 1, 1, 1, 0.75),
(82, 1, 0, 1, 0, 1, 1, 1, 0, 0.625),
(83, 1, 0, 1, 0, 1, 1, 0, 1, 0.625),
(84, 1, 0, 1, 0, 1, 1, 0, 0, 0.5),
(85, 1, 0, 1, 0, 1, 0, 1, 1, 0.625),
(86, 1, 0, 1, 0, 1, 0, 1, 0, 0.5),
(87, 1, 0, 1, 0, 1, 0, 0, 1, 0.5),
(88, 1, 0, 1, 0, 1, 0, 0, 0, 0.375),
(89, 1, 0, 1, 0, 0, 1, 1, 1, 0.625),
(90, 1, 0, 1, 0, 0, 1, 1, 0, 0.5),
(91, 1, 0, 1, 0, 0, 1, 0, 1, 0.5),
(92, 1, 0, 1, 0, 0, 1, 0, 0, 0.375),
(93, 1, 0, 1, 0, 0, 0, 1, 1, 0.5),
(94, 1, 0, 1, 0, 0, 0, 1, 0, 0.375),
(95, 1, 0, 1, 0, 0, 0, 0, 1, 0.375),
(96, 1, 0, 1, 0, 0, 0, 0, 0, 0.25),
(97, 1, 0, 0, 1, 1, 1, 1, 1, 0.75),
(98, 1, 0, 0, 1, 1, 1, 1, 0, 0.625),
(99, 1, 0, 0, 1, 1, 1, 0, 1, 0.625),
(100, 1, 0, 0, 1, 1, 1, 0, 0, 0.5),
(101, 1, 0, 0, 1, 1, 0, 1, 1, 0.625),
(102, 1, 0, 0, 1, 1, 0, 1, 0, 0.5),
(103, 1, 0, 0, 1, 1, 0, 0, 1, 0.5),
(104, 1, 0, 0, 1, 1, 0, 0, 0, 0.375),
(105, 1, 0, 0, 1, 0, 1, 1, 1, 0.625),
(106, 1, 0, 0, 1, 0, 1, 1, 0, 0.5),
(107, 1, 0, 0, 1, 0, 1, 0, 1, 0.5),
(108, 1, 0, 0, 1, 0, 1, 0, 0, 0.375),
(109, 1, 0, 0, 1, 0, 0, 1, 1, 0.5),
(110, 1, 0, 0, 1, 0, 0, 1, 0, 0.375),
(111, 1, 0, 0, 1, 0, 0, 0, 1, 0.375),
(112, 1, 0, 0, 1, 0, 0, 0, 0, 0.25),
(113, 1, 0, 0, 0, 1, 1, 1, 1, 0.625),
(114, 1, 0, 0, 0, 1, 1, 1, 0, 0.5),
(115, 1, 0, 0, 0, 1, 1, 0, 1, 0.5),
(116, 1, 0, 0, 0, 1, 1, 0, 0, 0.375),
(117, 1, 0, 0, 0, 1, 0, 1, 1, 0.5),
(118, 1, 0, 0, 0, 1, 0, 1, 0, 0.375),
(119, 1, 0, 0, 0, 1, 0, 0, 1, 0.375),
(120, 1, 0, 0, 0, 1, 0, 0, 0, 0.25),
(121, 1, 0, 0, 0, 0, 1, 1, 1, 0.5),
(122, 1, 0, 0, 0, 0, 1, 1, 0, 0.375),
(123, 1, 0, 0, 0, 0, 1, 0, 1, 0.375),
(124, 1, 0, 0, 0, 0, 1, 0, 0, 0.25),
(125, 1, 0, 0, 0, 0, 0, 1, 1, 0.375),
(126, 1, 0, 0, 0, 0, 0, 1, 0, 0.25),
(127, 1, 0, 0, 0, 0, 0, 0, 1, 0.25),
(128, 1, 0, 0, 0, 0, 0, 0, 0, 0.125),
(129, 0, 1, 1, 1, 1, 1, 1, 1, 0.875),
(130, 0, 1, 1, 1, 1, 1, 1, 0, 0.75),
(131, 0, 1, 1, 1, 1, 1, 0, 1, 0.75),
(132, 0, 1, 1, 1, 1, 1, 0, 0, 0.625),
(133, 0, 1, 1, 1, 1, 0, 1, 1, 0.75),
(134, 0, 1, 1, 1, 1, 0, 1, 0, 0.625),
(135, 0, 1, 1, 1, 1, 0, 0, 1, 0.625),
(136, 0, 1, 1, 1, 1, 0, 0, 0, 0.5),
(137, 0, 1, 1, 1, 0, 1, 1, 1, 0.75),
(138, 0, 1, 1, 1, 0, 1, 1, 0, 0.625),
(139, 0, 1, 1, 1, 0, 1, 0, 1, 0.625),
(140, 0, 1, 1, 1, 0, 1, 0, 0, 0.5),
(141, 0, 1, 1, 1, 0, 0, 1, 1, 0.625),
(142, 0, 1, 1, 1, 0, 0, 1, 0, 0.5),
(143, 0, 1, 1, 1, 0, 0, 0, 1, 0.5),
(144, 0, 1, 1, 1, 0, 0, 0, 0, 0.375),
(145, 0, 1, 1, 0, 1, 1, 1, 1, 0.75),
(146, 0, 1, 1, 0, 1, 1, 1, 0, 0.625),
(147, 0, 1, 1, 0, 1, 1, 0, 1, 0.625),
(148, 0, 1, 1, 0, 1, 1, 0, 0, 0.5),
(149, 0, 1, 1, 0, 1, 0, 1, 1, 0.625),
(150, 0, 1, 1, 0, 1, 0, 1, 0, 0.5),
(151, 0, 1, 1, 0, 1, 0, 0, 1, 0.5),
(152, 0, 1, 1, 0, 1, 0, 0, 0, 0.375),
(153, 0, 1, 1, 0, 0, 1, 1, 1, 0.625),
(154, 0, 1, 1, 0, 0, 1, 1, 0, 0.5),
(155, 0, 1, 1, 0, 0, 1, 0, 1, 0.5),
(156, 0, 1, 1, 0, 0, 1, 0, 0, 0.375),
(157, 0, 1, 1, 0, 0, 0, 1, 1, 0.5),
(158, 0, 1, 1, 0, 0, 0, 1, 0, 0.375),
(159, 0, 1, 1, 0, 0, 0, 0, 1, 0.375),
(160, 0, 1, 1, 0, 0, 0, 0, 0, 0.25),
(161, 0, 1, 0, 1, 1, 1, 1, 1, 0.75),
(162, 0, 1, 0, 1, 1, 1, 1, 0, 0.625),
(163, 0, 1, 0, 1, 1, 1, 0, 1, 0.625),
(164, 0, 1, 0, 1, 1, 1, 0, 0, 0.5),
(165, 0, 1, 0, 1, 1, 0, 1, 1, 0.625),
(166, 0, 1, 0, 1, 1, 0, 1, 0, 0.5),
(167, 0, 1, 0, 1, 1, 0, 0, 1, 0.5),
(168, 0, 1, 0, 1, 1, 0, 0, 0, 0.375),
(169, 0, 1, 0, 1, 0, 1, 1, 1, 0.625),
(170, 0, 1, 0, 1, 0, 1, 1, 0, 0.5),
(171, 0, 1, 0, 1, 0, 1, 0, 1, 0.5),
(172, 0, 1, 0, 1, 0, 1, 0, 0, 0.375),
(173, 0, 1, 0, 1, 0, 0, 1, 1, 0.5),
(174, 0, 1, 0, 1, 0, 0, 1, 0, 0.375),
(175, 0, 1, 0, 1, 0, 0, 0, 1, 0.375),
(176, 0, 1, 0, 1, 0, 0, 0, 0, 0.25),
(177, 0, 1, 0, 0, 1, 1, 1, 1, 0.625),
(178, 0, 1, 0, 0, 1, 1, 1, 0, 0.5),
(179, 0, 1, 0, 0, 1, 1, 0, 1, 0.5),
(180, 0, 1, 0, 0, 1, 1, 0, 0, 0.375),
(181, 0, 1, 0, 0, 1, 0, 1, 1, 0.5),
(182, 0, 1, 0, 0, 1, 0, 1, 0, 0.375),
(183, 0, 1, 0, 0, 1, 0, 0, 1, 0.375),
(184, 0, 1, 0, 0, 1, 0, 0, 0, 0.25),
(185, 0, 1, 0, 0, 0, 1, 1, 1, 0.5),
(186, 0, 1, 0, 0, 0, 1, 1, 0, 0.375),
(187, 0, 1, 0, 0, 0, 1, 0, 1, 0.375),
(188, 0, 1, 0, 0, 0, 1, 0, 0, 0.25),
(189, 0, 1, 0, 0, 0, 0, 1, 1, 0.375),
(190, 0, 1, 0, 0, 0, 0, 1, 0, 0.25),
(191, 0, 1, 0, 0, 0, 0, 0, 1, 0.25),
(192, 0, 1, 0, 0, 0, 0, 0, 0, 0.125),
(193, 0, 0, 1, 1, 1, 1, 1, 1, 0.75),
(194, 0, 0, 1, 1, 1, 1, 1, 0, 0.625),
(195, 0, 0, 1, 1, 1, 1, 0, 1, 0.625),
(196, 0, 0, 1, 1, 1, 1, 0, 0, 0.5),
(197, 0, 0, 1, 1, 1, 0, 1, 1, 0.625),
(198, 0, 0, 1, 1, 1, 0, 1, 0, 0.5),
(199, 0, 0, 1, 1, 1, 0, 0, 1, 0.5),
(200, 0, 0, 1, 1, 1, 0, 0, 0, 0.375),
(201, 0, 0, 1, 1, 0, 1, 1, 1, 0.625),
(202, 0, 0, 1, 1, 0, 1, 1, 0, 0.5),
(203, 0, 0, 1, 1, 0, 1, 0, 1, 0.5),
(204, 0, 0, 1, 1, 0, 1, 0, 0, 0.375),
(205, 0, 0, 1, 1, 0, 0, 1, 1, 0.5),
(206, 0, 0, 1, 1, 0, 0, 1, 0, 0.375),
(207, 0, 0, 1, 1, 0, 0, 0, 1, 0.375),
(208, 0, 0, 1, 1, 0, 0, 0, 0, 0.25),
(209, 0, 0, 1, 0, 1, 1, 1, 1, 0.625),
(210, 0, 0, 1, 0, 1, 1, 1, 0, 0.5),
(211, 0, 0, 1, 0, 1, 1, 0, 1, 0.5),
(212, 0, 0, 1, 0, 1, 1, 0, 0, 0.375),
(213, 0, 0, 1, 0, 1, 0, 1, 1, 0.5),
(214, 0, 0, 1, 0, 1, 0, 1, 0, 0.375),
(215, 0, 0, 1, 0, 1, 0, 0, 1, 0.375),
(216, 0, 0, 1, 0, 1, 0, 0, 0, 0.25),
(217, 0, 0, 1, 0, 0, 1, 1, 1, 0.5),
(218, 0, 0, 1, 0, 0, 1, 1, 0, 0.375),
(219, 0, 0, 1, 0, 0, 1, 0, 1, 0.375),
(220, 0, 0, 1, 0, 0, 1, 0, 0, 0.25),
(221, 0, 0, 1, 0, 0, 0, 1, 1, 0.375),
(222, 0, 0, 1, 0, 0, 0, 1, 0, 0.25),
(223, 0, 0, 1, 0, 0, 0, 0, 1, 0.25),
(224, 0, 0, 1, 0, 0, 0, 0, 0, 0.125),
(225, 0, 0, 0, 1, 1, 1, 1, 1, 0.625),
(226, 0, 0, 0, 1, 1, 1, 1, 0, 0.5),
(227, 0, 0, 0, 1, 1, 1, 0, 1, 0.5),
(228, 0, 0, 0, 1, 1, 1, 0, 0, 0.375),
(229, 0, 0, 0, 1, 1, 0, 1, 1, 0.5),
(230, 0, 0, 0, 1, 1, 0, 1, 0, 0.375),
(231, 0, 0, 0, 1, 1, 0, 0, 1, 0.375),
(232, 0, 0, 0, 1, 1, 0, 0, 0, 0.25),
(233, 0, 0, 0, 1, 0, 1, 1, 1, 0.5),
(234, 0, 0, 0, 1, 0, 1, 1, 0, 0.375),
(235, 0, 0, 0, 1, 0, 1, 0, 1, 0.375),
(236, 0, 0, 0, 1, 0, 1, 0, 0, 0.25),
(237, 0, 0, 0, 1, 0, 0, 1, 1, 0.375),
(238, 0, 0, 0, 1, 0, 0, 1, 0, 0.25),
(239, 0, 0, 0, 1, 0, 0, 0, 1, 0.25),
(240, 0, 0, 0, 1, 0, 0, 0, 0, 0.125),
(241, 0, 0, 0, 0, 1, 1, 1, 1, 0.5),
(242, 0, 0, 0, 0, 1, 1, 1, 0, 0.375),
(243, 0, 0, 0, 0, 1, 1, 0, 1, 0.375),
(244, 0, 0, 0, 0, 1, 1, 0, 0, 0.25),
(245, 0, 0, 0, 0, 1, 0, 1, 1, 0.375),
(246, 0, 0, 0, 0, 1, 0, 1, 0, 0.25),
(247, 0, 0, 0, 0, 1, 0, 0, 1, 0.25),
(248, 0, 0, 0, 0, 1, 0, 0, 0, 0.125),
(249, 0, 0, 0, 0, 0, 1, 1, 1, 0.375),
(250, 0, 0, 0, 0, 0, 1, 1, 0, 0.25),
(251, 0, 0, 0, 0, 0, 1, 0, 1, 0.25),
(252, 0, 0, 0, 0, 0, 1, 0, 0, 0.125),
(253, 0, 0, 0, 0, 0, 0, 1, 1, 0.25),
(254, 0, 0, 0, 0, 0, 0, 1, 0, 0.125),
(255, 0, 0, 0, 0, 0, 0, 0, 1, 0.125),
(256, 0, 0, 0, 0, 0, 0, 0, 0, 0);

-- --------------------------------------------------------

--
-- Table structure for table `symptoms`
--

CREATE TABLE IF NOT EXISTS `symptoms` (
  `id` int(11) NOT NULL AUTO_INCREMENT,
  `disease_id` int(11) NOT NULL,
  `symptom` varchar(250) NOT NULL,
  `mnemonics` varchar(20) NOT NULL,
  `probability` float NOT NULL,
  UNIQUE KEY `id` (`id`)
) ENGINE=InnoDB  DEFAULT CHARSET=latin1 AUTO_INCREMENT=24 ;

--
-- Dumping data for table `symptoms`
--

INSERT INTO `symptoms` (`id`, `disease_id`, `symptom`, `mnemonics`, `probability`) VALUES
(1, 0, 'Bleeding after passing stool', 'BLEED', 0.5),
(2, 0, 'Itchiness around anus', 'ITCH', 0.1),
(3, 0, ' A lump hanging outside anus after passing stool', 'LUMPHANG', 0.2),
(4, 0, 'Mucus discharge after passing stool', 'MUCUSDIS', 0.05),
(5, 0, 'soreness, redness and swelling around anus', 'SWELL', 0.15),
(6, 1, 'Fever, sweating and shaking chills', 'FEVER', 0.1),
(7, 1, 'Lower than normal body temperature', 'LOWERTEMP', 0.1),
(8, 1, 'Cough, with or without thick, sticky fluid', 'COUGH', 0.2),
(9, 1, 'Chest pain when breathing deeply or coughing', 'CHESTPAIN', 0.25),
(10, 1, 'Shortness of breath', 'BREATHSHORT', 0.15),
(11, 1, 'Fatigue and muscle aches', 'FATIGUE', 0.05),
(12, 1, 'Nausea, vomiting or diarrhea', 'NAUSEA', 0.1),
(13, 1, 'Headache', 'HEADACHE', 0.05),
(14, 2, 'inflammation of the bronchial tubes', 'INFLABRO', 0.15),
(15, 2, 'Coughing, especially at night', 'COUGHNIGHT', 0.15),
(16, 2, 'Wheezing', 'WHEEZ', 0.05),
(17, 2, 'Breathing problem', 'SHORTBREATH', 0.1),
(18, 2, 'Chest tightness, pain, or pressure', 'CHESTPAIN', 0.1),
(19, 2, 'Losing your breath easily or shortness of breath', 'LOOSEBREATH', 0.1),
(20, 2, 'Wheezing or coughing after exercise', 'COUGH', 0.05),
(21, 2, 'Feeling tired, easily upset, grouchy, or moody', 'GROUCHY', 0.1),
(22, 2, 'Decreases or changes in lung function ', 'LUNGCHANGE', 0.1),
(23, 2, 'Signs of a cold or allergies (sneezing, runny nose, cough etc.)', 'COLDALLER', 0.1);

/*!40101 SET CHARACTER_SET_CLIENT=@OLD_CHARACTER_SET_CLIENT */;
/*!40101 SET CHARACTER_SET_RESULTS=@OLD_CHARACTER_SET_RESULTS */;
/*!40101 SET COLLATION_CONNECTION=@OLD_COLLATION_CONNECTION */;
